coder,item,response,gold
18,30,1,1
136,30,1,1
14,30,1,1
9,30,0,1
122,30,1,1
161,30,1,1
26,30,1,1
45,30,0,1
15,30,1,1
1,30,1,1
18,177,0,0
136,177,0,0
14,177,0,0
9,177,0,0
122,177,0,0
161,177,1,0
26,177,0,0
45,177,0,0
15,177,1,0
1,177,1,0
18,182,1,1
136,182,0,1
14,182,1,1
9,182,0,1
122,182,0,1
161,182,0,1
26,182,1,1
45,182,1,1
15,182,1,1
1,182,1,1
18,584,1,1
136,584,1,1
14,584,1,1
9,584,1,1
122,584,1,1
161,584,0,1
26,584,1,1
45,584,1,1
15,584,1,1
1,584,1,1
18,15,1,0
136,15,0,0
14,15,0,0
9,15,0,0
122,15,1,0
161,15,0,0
26,15,0,0
45,15,1,0
15,15,1,0
1,15,0,0
18,41,1,1
136,41,1,1
14,41,1,1
9,41,1,1
122,41,1,1
161,41,1,1
26,41,1,1
45,41,1,1
15,41,1,1
1,41,1,1
18,10,0,0
136,10,0,0
14,10,0,0
9,10,0,0
122,10,0,0
161,10,0,0
26,10,0,0
45,10,1,0
15,10,1,0
1,10,1,0
18,44,1,1
136,44,0,1
14,44,1,1
9,44,1,1
122,44,1,1
161,44,1,1
26,44,1,1
45,44,1,1
15,44,1,1
1,44,0,1
18,778,1,0
136,778,0,0
14,778,0,0
9,778,0,0
122,778,0,0
161,778,1,0
26,778,1,0
45,778,1,0
15,778,1,0
1,778,1,0
18,7,1,1
136,7,1,1
14,7,1,1
9,7,1,1
122,7,1,1
161,7,1,1
26,7,1,1
45,7,0,1
15,7,1,1
1,7,1,1
18,180,0,0
136,180,0,0
14,180,1,0
9,180,0,0
122,180,0,0
161,180,1,0
26,180,0,0
45,180,1,0
15,180,0,0
1,180,0,0
18,184,0,0
136,184,0,0
14,184,0,0
9,184,0,0
122,184,0,0
161,184,0,0
26,184,0,0
45,184,1,0
15,184,1,0
1,184,0,0
18,34,1,1
136,34,1,1
14,34,1,1
9,34,1,1
122,34,1,1
161,34,0,1
26,34,1,1
45,34,1,1
15,34,1,1
1,34,1,1
18,772,0,0
136,772,0,0
14,772,0,0
9,772,0,0
122,772,0,0
161,772,0,0
26,772,0,0
45,772,1,0
15,772,1,0
1,772,0,0
18,610,0,0
136,610,0,0
14,610,0,0
9,610,0,0
122,610,0,0
161,610,0,0
26,610,0,0
45,610,1,0
15,610,0,0
1,610,1,0
18,14,1,1
136,14,1,1
14,14,1,1
9,14,1,1
122,14,1,1
161,14,1,1
26,14,1,1
45,14,1,1
15,14,0,1
1,14,0,1
18,57,1,1
136,57,1,1
14,57,1,1
9,57,1,1
122,57,1,1
161,57,0,1
26,57,1,1
45,57,1,1
15,57,1,1
1,57,1,1
18,60,1,1
136,60,1,1
14,60,0,1
9,60,1,1
122,60,1,1
161,60,1,1
26,60,1,1
45,60,1,1
15,60,1,1
1,60,1,1
18,178,0,0
136,178,0,0
14,178,0,0
9,178,0,0
122,178,0,0
161,178,1,0
26,178,0,0
45,178,1,0
15,178,1,0
1,178,1,0
18,611,1,0
136,611,1,0
14,611,0,0
9,611,0,0
122,611,0,0
161,611,1,0
26,611,0,0
45,611,1,0
15,611,0,0
1,611,1,0
75,766,0,0
9,766,0,0
141,766,0,0
63,766,0,0
85,766,0,0
157,766,0,0
15,766,1,0
2,766,1,0
30,766,0,0
1,766,1,0
75,586,0,0
9,586,0,0
141,586,0,0
63,586,0,0
85,586,1,0
157,586,0,0
15,586,1,0
2,586,0,0
30,586,0,0
1,586,1,0
75,359,0,0
9,359,1,0
141,359,1,0
63,359,0,0
85,359,1,0
157,359,0,0
15,359,1,0
2,359,0,0
30,359,1,0
1,359,1,0
75,767,0,0
9,767,0,0
141,767,0,0
63,767,0,0
85,767,0,0
157,767,0,0
15,767,0,0
2,767,1,0
30,767,0,0
1,767,1,0
75,365,0,0
9,365,0,0
141,365,0,0
63,365,0,0
85,365,0,0
157,365,0,0
15,365,1,0
2,365,1,0
30,365,1,0
1,365,1,0
75,295,1,1
9,295,1,1
141,295,1,1
63,295,0,1
85,295,0,1
157,295,1,1
15,295,1,1
2,295,0,1
30,295,1,1
1,295,1,1
75,332,0,0
9,332,0,0
141,332,0,0
63,332,0,0
85,332,0,0
157,332,0,0
15,332,1,0
2,332,1,0
30,332,0,0
1,332,1,0
75,1,0,0
9,1,0,0
141,1,0,0
63,1,0,0
85,1,0,0
157,1,0,0
15,1,1,0
2,1,0,0
30,1,0,0
1,1,1,0
75,70,0,0
9,70,0,0
141,70,0,0
63,70,0,0
85,70,0,0
157,70,0,0
15,70,0,0
2,70,1,0
30,70,0,0
1,70,1,0
75,338,1,1
9,338,1,1
141,338,1,1
63,338,0,1
85,338,1,1
157,338,1,1
15,338,1,1
2,338,1,1
30,338,0,1
1,338,0,1
75,379,0,0
9,379,0,0
141,379,0,0
63,379,0,0
85,379,0,0
157,379,0,0
15,379,1,0
2,379,0,0
30,379,1,0
1,379,1,0
75,321,0,1
9,321,1,1
141,321,0,1
63,321,0,1
85,321,0,1
157,321,1,1
15,321,1,1
2,321,0,1
30,321,1,1
1,321,1,1
75,29,1,1
9,29,1,1
141,29,1,1
63,29,1,1
85,29,1,1
157,29,1,1
15,29,1,1
2,29,1,1
30,29,1,1
1,29,1,1
75,333,1,1
9,333,1,1
141,333,1,1
63,333,1,1
85,333,1,1
157,333,1,1
15,333,1,1
2,333,1,1
30,333,1,1
1,333,1,1
75,286,0,0
9,286,0,0
141,286,0,0
63,286,0,0
85,286,0,0
157,286,0,0
15,286,1,0
2,286,0,0
30,286,0,0
1,286,1,0
75,47,0,0
9,47,0,0
141,47,0,0
63,47,0,0
85,47,1,0
157,47,0,0
15,47,1,0
2,47,0,0
30,47,0,0
1,47,1,0
75,36,1,1
9,36,1,1
141,36,0,1
63,36,0,1
85,36,1,1
157,36,1,1
15,36,1,1
2,36,0,1
30,36,1,1
1,36,1,1
75,340,0,0
9,340,0,0
141,340,0,0
63,340,0,0
85,340,0,0
157,340,0,0
15,340,1,0
2,340,1,0
30,340,0,0
1,340,1,0
75,346,1,1
9,346,0,1
141,346,0,1
63,346,1,1
85,346,1,1
157,346,1,1
15,346,1,1
2,346,0,1
30,346,1,1
1,346,1,1
75,5,1,1
9,5,1,1
141,5,1,1
63,5,1,1
85,5,1,1
157,5,1,1
15,5,1,1
2,5,1,1
30,5,1,1
1,5,1,1
9,358,0,0
136,358,0,0
50,358,1,0
164,358,1,0
161,358,0,0
15,358,1,0
23,358,1,0
154,358,0,0
44,358,1,0
1,358,0,0
9,373,0,0
136,373,0,0
50,373,1,0
164,373,1,0
161,373,1,0
15,373,1,0
23,373,0,0
154,373,0,0
44,373,1,0
1,373,1,0
9,344,0,0
136,344,0,0
50,344,1,0
164,344,0,0
161,344,0,0
15,344,0,0
23,344,0,0
154,344,1,0
44,344,0,0
1,344,1,0
9,292,1,0
136,292,0,0
50,292,1,0
164,292,1,0
161,292,1,0
15,292,1,0
23,292,0,0
154,292,1,0
44,292,1,0
1,292,1,0
9,366,1,0
136,366,0,0
50,366,1,0
164,366,1,0
161,366,1,0
15,366,0,0
23,366,0,0
154,366,1,0
44,366,1,0
1,366,1,0
9,343,1,1
136,343,0,1
50,343,0,1
164,343,1,1
161,343,0,1
15,343,1,1
23,343,1,1
154,343,0,1
44,343,0,1
1,343,0,1
9,289,0,0
136,289,0,0
50,289,1,0
164,289,1,0
161,289,0,0
15,289,1,0
23,289,0,0
154,289,0,0
44,289,1,0
1,289,1,0
9,310,1,1
136,310,1,1
50,310,1,1
164,310,1,1
161,310,1,1
15,310,1,1
23,310,1,1
154,310,1,1
44,310,1,1
1,310,1,1
9,315,1,1
136,315,1,1
50,315,1,1
164,315,1,1
161,315,0,1
15,315,1,1
23,315,1,1
154,315,1,1
44,315,1,1
1,315,1,1
9,326,1,1
136,326,1,1
50,326,1,1
164,326,1,1
161,326,1,1
15,326,1,1
23,326,1,1
154,326,0,1
44,326,1,1
1,326,1,1
9,383,1,0
136,383,0,0
50,383,1,0
164,383,1,0
161,383,1,0
15,383,1,0
23,383,1,0
154,383,0,0
44,383,0,0
1,383,1,0
9,275,1,1
136,275,1,1
50,275,1,1
164,275,1,1
161,275,0,1
15,275,0,1
23,275,1,1
154,275,1,1
44,275,1,1
1,275,0,1
9,297,1,1
136,297,1,1
50,297,0,1
164,297,1,1
161,297,1,1
15,297,1,1
23,297,0,1
154,297,1,1
44,297,1,1
1,297,1,1
9,347,0,0
136,347,0,0
50,347,1,0
164,347,0,0
161,347,0,0
15,347,1,0
23,347,0,0
154,347,0,0
44,347,0,0
1,347,1,0
9,356,0,0
136,356,0,0
50,356,0,0
164,356,1,0
161,356,1,0
15,356,1,0
23,356,0,0
154,356,1,0
44,356,0,0
1,356,1,0
9,756,0,0
136,756,1,0
50,756,1,0
164,756,1,0
161,756,1,0
15,756,1,0
23,756,1,0
154,756,1,0
44,756,1,0
1,756,0,0
9,319,1,1
136,319,1,1
50,319,1,1
164,319,1,1
161,319,1,1
15,319,1,1
23,319,1,1
154,319,1,1
44,319,1,1
1,319,1,1
9,314,1,1
136,314,1,1
50,314,1,1
164,314,1,1
161,314,1,1
15,314,1,1
23,314,1,1
154,314,0,1
44,314,1,1
1,314,1,1
9,308,0,1
136,308,1,1
50,308,1,1
164,308,1,1
161,308,0,1
15,308,1,1
23,308,0,1
154,308,0,1
44,308,1,1
1,308,1,1
9,339,1,1
136,339,0,1
50,339,1,1
164,339,1,1
161,339,1,1
15,339,1,1
23,339,0,1
154,339,0,1
44,339,1,1
1,339,1,1
98,33,1,1
17,33,1,1
161,33,0,1
68,33,0,1
15,33,1,1
45,33,1,1
1,33,1,1
132,33,0,1
19,33,1,1
110,33,1,1
98,53,0,1
17,53,1,1
161,53,1,1
68,53,1,1
15,53,1,1
45,53,1,1
1,53,0,1
132,53,1,1
19,53,1,1
110,53,1,1
98,183,0,0
17,183,0,0
161,183,0,0
68,183,0,0
15,183,1,0
45,183,1,0
1,183,1,0
132,183,0,0
19,183,0,0
110,183,0,0
98,56,0,0
17,56,0,0
161,56,0,0
68,56,0,0
15,56,1,0
45,56,1,0
1,56,1,0
132,56,0,0
19,56,1,0
110,56,0,0
98,704,0,0
17,704,0,0
161,704,0,0
68,704,0,0
15,704,1,0
45,704,1,0
1,704,1,0
132,704,1,0
19,704,0,0
110,704,0,0
98,52,1,1
17,52,1,1
161,52,1,1
68,52,1,1
15,52,1,1
45,52,1,1
1,52,1,1
132,52,1,1
19,52,1,1
110,52,1,1
98,16,0,0
17,16,0,0
161,16,0,0
68,16,0,0
15,16,1,0
45,16,1,0
1,16,0,0
132,16,0,0
19,16,0,0
110,16,0,0
98,13,0,1
17,13,1,1
161,13,1,1
68,13,1,1
15,13,1,1
45,13,0,1
1,13,1,1
132,13,0,1
19,13,1,1
110,13,1,1
98,181,0,0
17,181,0,0
161,181,0,0
68,181,0,0
15,181,1,0
45,181,1,0
1,181,0,0
132,181,0,0
19,181,0,0
110,181,0,0
98,187,0,1
17,187,1,1
161,187,1,1
68,187,1,1
15,187,1,1
45,187,1,1
1,187,1,1
132,187,1,1
19,187,1,1
110,187,1,1
98,713,0,0
17,713,0,0
161,713,0,0
68,713,0,0
15,713,1,0
45,713,1,0
1,713,0,0
132,713,0,0
19,713,0,0
110,713,0,0
98,771,0,0
17,771,0,0
161,771,1,0
68,771,0,0
15,771,1,0
45,771,0,0
1,771,0,0
132,771,0,0
19,771,0,0
110,771,0,0
98,776,0,0
17,776,0,0
161,776,0,0
68,776,0,0
15,776,1,0
45,776,1,0
1,776,1,0
132,776,0,0
19,776,0,0
110,776,0,0
98,775,1,0
17,775,0,0
161,775,1,0
68,775,0,0
15,775,1,0
45,775,1,0
1,775,1,0
132,775,0,0
19,775,0,0
110,775,0,0
98,48,1,1
17,48,0,1
161,48,1,1
68,48,1,1
15,48,1,1
45,48,1,1
1,48,1,1
132,48,1,1
19,48,1,1
110,48,1,1
98,39,0,1
17,39,1,1
161,39,1,1
68,39,1,1
15,39,1,1
45,39,1,1
1,39,1,1
132,39,1,1
19,39,1,1
110,39,1,1
98,707,0,0
17,707,0,0
161,707,1,0
68,707,0,0
15,707,1,0
45,707,1,0
1,707,1,0
132,707,0,0
19,707,0,0
110,707,0,0
98,35,1,1
17,35,1,1
161,35,0,1
68,35,1,1
15,35,1,1
45,35,1,1
1,35,1,1
132,35,1,1
19,35,1,1
110,35,1,1
98,777,1,0
17,777,0,0
161,777,1,0
68,777,0,0
15,777,1,0
45,777,1,0
1,777,1,0
132,777,0,0
19,777,0,0
110,777,0,0
98,31,1,1
17,31,1,1
161,31,0,1
68,31,1,1
15,31,1,1
45,31,1,1
1,31,1,1
132,31,1,1
19,31,1,1
110,31,1,1
75,9,1,1
161,9,1,1
27,9,0,1
20,9,0,1
136,9,1,1
26,9,1,1
2,9,0,1
15,9,1,1
1,9,1,1
45,9,1,1
75,45,0,1
161,45,1,1
27,45,0,1
20,45,0,1
136,45,0,1
26,45,1,1
2,45,1,1
15,45,1,1
1,45,0,1
45,45,1,1
75,710,0,0
161,710,1,0
27,710,1,0
20,710,0,0
136,710,0,0
26,710,0,0
2,710,0,0
15,710,1,0
1,710,1,0
45,710,1,0
75,709,0,0
161,709,1,0
27,709,0,0
20,709,0,0
136,709,0,0
26,709,0,0
2,709,0,0
15,709,1,0
1,709,1,0
45,709,1,0
75,27,1,1
161,27,1,1
27,27,1,1
20,27,1,1
136,27,1,1
26,27,1,1
2,27,1,1
15,27,0,1
1,27,1,1
45,27,1,1
75,49,1,1
161,49,0,1
27,49,1,1
20,49,1,1
136,49,1,1
26,49,1,1
2,49,1,1
15,49,0,1
1,49,1,1
45,49,0,1
75,765,0,0
161,765,1,0
27,765,0,0
20,765,0,0
136,765,0,0
26,765,0,0
2,765,1,0
15,765,1,0
1,765,0,0
45,765,1,0
75,11,0,0
161,11,0,0
27,11,0,0
20,11,0,0
136,11,1,0
26,11,0,0
2,11,1,0
15,11,0,0
1,11,0,0
45,11,1,0
75,38,1,1
161,38,1,1
27,38,1,1
20,38,1,1
136,38,1,1
26,38,1,1
2,38,1,1
15,38,1,1
1,38,1,1
45,38,1,1
75,179,1,1
161,179,1,1
27,179,1,1
20,179,1,1
136,179,1,1
26,179,1,1
2,179,1,1
15,179,1,1
1,179,0,1
45,179,1,1
75,37,1,1
161,37,0,1
27,37,1,1
20,37,1,1
136,37,1,1
26,37,0,1
2,37,0,1
15,37,1,1
1,37,1,1
45,37,0,1
75,705,0,0
161,705,0,0
27,705,0,0
20,705,0,0
136,705,0,0
26,705,0,0
2,705,0,0
15,705,1,0
1,705,0,0
45,705,1,0
75,714,0,0
161,714,0,0
27,714,0,0
20,714,0,0
136,714,1,0
26,714,0,0
2,714,1,0
15,714,0,0
1,714,1,0
45,714,1,0
75,6,1,1
161,6,0,1
27,6,1,1
20,6,1,1
136,6,1,1
26,6,1,1
2,6,1,1
15,6,1,1
1,6,0,1
45,6,1,1
75,387,1,0
161,387,1,0
27,387,0,0
20,387,0,0
136,387,1,0
26,387,1,0
2,387,0,0
15,387,0,0
1,387,0,0
45,387,0,0
75,176,1,1
161,176,1,1
27,176,1,1
20,176,1,1
136,176,1,1
26,176,1,1
2,176,1,1
15,176,1,1
1,176,1,1
45,176,1,1
75,585,0,0
161,585,1,0
27,585,0,0
20,585,0,0
136,585,0,0
26,585,0,0
2,585,1,0
15,585,1,0
1,585,1,0
45,585,0,0
75,186,0,0
161,186,1,0
27,186,0,0
20,186,0,0
136,186,0,0
26,186,0,0
2,186,0,0
15,186,1,0
1,186,1,0
45,186,1,0
75,612,0,0
161,612,0,0
27,612,0,0
20,612,0,0
136,612,0,0
26,612,0,0
2,612,1,0
15,612,1,0
1,612,1,0
45,612,0,0
75,51,1,1
161,51,1,1
27,51,1,1
20,51,1,1
136,51,1,1
26,51,1,1
2,51,1,1
15,51,0,1
1,51,1,1
45,51,1,1
161,42,1,1
2,42,1,1
45,42,1,1
15,42,1,1
136,42,1,1
111,42,1,1
1,42,0,1
4,42,1,1
71,42,1,1
145,42,1,1
161,708,1,0
2,708,0,0
45,708,1,0
15,708,1,0
136,708,0,0
111,708,0,0
1,708,1,0
4,708,0,0
71,708,0,0
145,708,0,0
161,8,1,1
2,8,1,1
45,8,1,1
15,8,0,1
136,8,1,1
111,8,1,1
1,8,1,1
4,8,1,1
71,8,1,1
145,8,1,1
161,711,1,0
2,711,1,0
45,711,1,0
15,711,1,0
136,711,0,0
111,711,0,0
1,711,0,0
4,711,0,0
71,711,0,0
145,711,0,0
161,40,0,1
2,40,1,1
45,40,1,1
15,40,1,1
136,40,1,1
111,40,1,1
1,40,1,1
4,40,1,1
71,40,1,1
145,40,1,1
161,12,1,0
2,12,1,0
45,12,1,0
15,12,1,0
136,12,0,0
111,12,0,0
1,12,1,0
4,12,0,0
71,12,0,0
145,12,0,0
161,185,0,1
2,185,0,1
45,185,1,1
15,185,0,1
136,185,0,1
111,185,0,1
1,185,1,1
4,185,1,1
71,185,0,1
145,185,0,1
161,617,0,0
129,617,0,0
15,617,0,0
26,617,0,0
163,617,0,0
147,617,0,0
1,617,1,0
62,617,0,0
74,617,0,0
136,617,0,0
161,107,0,0
129,107,0,0
15,107,1,0
26,107,0,0
163,107,0,0
147,107,0,0
1,107,1,0
62,107,0,0
74,107,0,0
136,107,0,0
161,88,0,1
129,88,1,1
15,88,0,1
26,88,1,1
163,88,0,1
147,88,0,1
1,88,0,1
62,88,1,1
74,88,1,1
136,88,1,1
161,112,1,1
129,112,1,1
15,112,1,1
26,112,1,1
163,112,1,1
147,112,1,1
1,112,1,1
62,112,1,1
74,112,1,1
136,112,1,1
161,152,0,1
129,152,1,1
15,152,1,1
26,152,1,1
163,152,1,1
147,152,1,1
1,152,0,1
62,152,1,1
74,152,1,1
136,152,1,1
161,124,1,1
129,124,1,1
15,124,1,1
26,124,1,1
163,124,1,1
147,124,1,1
1,124,1,1
62,124,1,1
74,124,1,1
136,124,1,1
161,125,1,1
129,125,1,1
15,125,1,1
26,125,1,1
163,125,1,1
147,125,1,1
1,125,1,1
62,125,1,1
74,125,1,1
136,125,1,1
161,414,0,0
129,414,0,0
15,414,0,0
26,414,1,0
163,414,0,0
147,414,0,0
1,414,1,0
62,414,0,0
74,414,0,0
136,414,0,0
161,115,0,0
129,115,0,0
15,115,1,0
26,115,0,0
163,115,0,0
147,115,0,0
1,115,0,0
62,115,0,0
74,115,1,0
136,115,0,0
161,156,1,1
129,156,1,1
15,156,0,1
26,156,1,1
163,156,0,1
147,156,1,1
1,156,1,1
62,156,1,1
74,156,1,1
136,156,1,1
161,120,1,1
129,120,1,1
15,120,1,1
26,120,1,1
163,120,1,1
147,120,1,1
1,120,1,1
62,120,1,1
74,120,1,1
136,120,1,1
161,783,0,0
129,783,0,0
15,783,1,0
26,783,0,0
163,783,0,0
147,783,0,0
1,783,0,0
62,783,0,0
74,783,1,0
136,783,0,0
161,624,0,0
129,624,0,0
15,624,1,0
26,624,0,0
163,624,0,0
147,624,0,0
1,624,1,0
62,624,0,0
74,624,1,0
136,624,0,0
161,100,0,0
129,100,0,0
15,100,0,0
26,100,0,0
163,100,0,0
147,100,0,0
1,100,1,0
62,100,0,0
74,100,0,0
136,100,0,0
161,32,1,1
129,32,1,1
15,32,1,1
26,32,1,1
163,32,1,1
147,32,0,1
1,32,1,1
62,32,0,1
74,32,1,1
136,32,1,1
161,393,1,1
129,393,0,1
15,393,1,1
26,393,1,1
163,393,0,1
147,393,1,1
1,393,1,1
62,393,0,1
74,393,1,1
136,393,0,1
161,763,0,0
129,763,0,0
15,763,1,0
26,763,0,0
163,763,0,0
147,763,0,0
1,763,0,0
62,763,0,0
74,763,0,0
136,763,0,0
161,398,0,0
129,398,0,0
15,398,1,0
26,398,0,0
163,398,0,0
147,398,0,0
1,398,1,0
62,398,0,0
74,398,0,0
136,398,0,0
161,394,1,0
129,394,0,0
15,394,1,0
26,394,0,0
163,394,0,0
147,394,0,0
1,394,1,0
62,394,0,0
74,394,0,0
136,394,0,0
161,410,0,0
129,410,0,0
15,410,1,0
26,410,1,0
163,410,0,0
147,410,1,0
1,410,1,0
62,410,0,0
74,410,1,0
136,410,0,0
86,400,1,1
10,400,1,1
161,400,1,1
11,400,0,1
15,400,1,1
154,400,0,1
101,400,1,1
157,400,0,1
1,400,1,1
45,400,1,1
86,95,0,0
10,95,0,0
161,95,1,0
11,95,0,0
15,95,1,0
154,95,0,0
101,95,0,0
157,95,0,0
1,95,1,0
45,95,1,0
86,408,0,0
10,408,0,0
161,408,0,0
11,408,0,0
15,408,1,0
154,408,0,0
101,408,1,0
157,408,0,0
1,408,1,0
45,408,1,0
86,102,1,1
10,102,1,1
161,102,1,1
11,102,1,1
15,102,1,1
154,102,1,1
101,102,1,1
157,102,1,1
1,102,1,1
45,102,1,1
86,83,1,1
10,83,1,1
161,83,1,1
11,83,1,1
15,83,1,1
154,83,0,1
101,83,1,1
157,83,0,1
1,83,1,1
45,83,1,1
86,113,1,1
10,113,1,1
161,113,1,1
11,113,1,1
15,113,1,1
154,113,1,1
101,113,1,1
157,113,1,1
1,113,1,1
45,113,1,1
86,126,1,1
10,126,1,1
161,126,0,1
11,126,1,1
15,126,1,1
154,126,1,1
101,126,1,1
157,126,1,1
1,126,0,1
45,126,1,1
86,779,0,0
10,779,0,0
161,779,0,0
11,779,0,0
15,779,1,0
154,779,0,0
101,779,0,0
157,779,0,0
1,779,1,0
45,779,0,0
86,105,1,1
10,105,1,1
161,105,1,1
11,105,1,1
15,105,1,1
154,105,1,1
101,105,1,1
157,105,1,1
1,105,1,1
45,105,1,1
86,121,1,1
10,121,1,1
161,121,1,1
11,121,1,1
15,121,1,1
154,121,1,1
101,121,1,1
157,121,1,1
1,121,1,1
45,121,1,1
86,581,1,1
10,581,1,1
161,581,1,1
11,581,1,1
15,581,1,1
154,581,0,1
101,581,1,1
157,581,0,1
1,581,1,1
45,581,1,1
86,136,0,0
10,136,0,0
161,136,1,0
11,136,0,0
15,136,1,0
154,136,0,0
101,136,0,0
157,136,0,0
1,136,1,0
45,136,1,0
86,106,0,0
10,106,0,0
161,106,0,0
11,106,0,0
15,106,1,0
154,106,1,0
101,106,0,0
157,106,0,0
1,106,1,0
45,106,1,0
86,397,0,0
10,397,0,0
161,397,0,0
11,397,0,0
15,397,1,0
154,397,0,0
101,397,0,0
157,397,0,0
1,397,1,0
45,397,1,0
86,390,0,0
10,390,0,0
161,390,0,0
11,390,0,0
15,390,1,0
154,390,0,0
101,390,0,0
157,390,0,0
1,390,1,0
45,390,1,0
86,85,1,1
10,85,1,1
161,85,1,1
11,85,1,1
15,85,1,1
154,85,1,1
101,85,1,1
157,85,1,1
1,85,0,1
45,85,1,1
86,134,1,1
10,134,0,1
161,134,1,1
11,134,1,1
15,134,1,1
154,134,0,1
101,134,1,1
157,134,1,1
1,134,1,1
45,134,1,1
86,622,0,0
10,622,0,0
161,622,0,0
11,622,0,0
15,622,1,0
154,622,0,0
101,622,0,0
157,622,0,0
1,622,1,0
45,622,1,0
86,139,1,1
10,139,1,1
161,139,1,1
11,139,0,1
15,139,1,1
154,139,1,1
101,139,1,1
157,139,1,1
1,139,0,1
45,139,1,1
86,138,0,0
10,138,0,0
161,138,0,0
11,138,0,0
15,138,1,0
154,138,0,0
101,138,1,0
157,138,1,0
1,138,1,0
45,138,1,0
123,290,1,0
161,290,1,0
17,290,0,0
136,290,0,0
2,290,1,0
15,290,1,0
79,290,1,0
1,290,0,0
45,290,1,0
144,290,0,0
123,327,1,1
161,327,0,1
17,327,0,1
136,327,0,1
2,327,1,1
15,327,1,1
79,327,1,1
1,327,1,1
45,327,0,1
144,327,1,1
123,279,0,0
161,279,1,0
17,279,0,0
136,279,0,0
2,279,1,0
15,279,1,0
79,279,0,0
1,279,1,0
45,279,0,0
144,279,0,0
123,757,0,0
161,757,1,0
17,757,0,0
136,757,0,0
2,757,1,0
15,757,1,0
79,757,0,0
1,757,0,0
45,757,0,0
144,757,0,0
123,367,1,1
161,367,0,1
17,367,0,1
136,367,1,1
2,367,1,1
15,367,1,1
79,367,1,1
1,367,1,1
45,367,1,1
144,367,0,1
123,368,1,0
161,368,1,0
17,368,0,0
136,368,1,0
2,368,0,0
15,368,1,0
79,368,1,0
1,368,1,0
45,368,1,0
144,368,0,0
123,277,1,1
161,277,1,1
17,277,1,1
136,277,1,1
2,277,0,1
15,277,1,1
79,277,1,1
1,277,1,1
45,277,0,1
144,277,1,1
123,283,1,1
161,283,1,1
17,283,1,1
136,283,0,1
2,283,1,1
15,283,1,1
79,283,1,1
1,283,1,1
45,283,0,1
144,283,1,1
123,317,1,0
161,317,1,0
17,317,0,0
136,317,0,0
2,317,0,0
15,317,1,0
79,317,0,0
1,317,1,0
45,317,0,0
144,317,0,0
123,416,0,0
161,416,1,0
17,416,0,0
136,416,0,0
2,416,0,0
15,416,1,0
79,416,0,0
1,416,1,0
45,416,1,0
144,416,0,0
123,695,1,1
161,695,1,1
17,695,0,1
136,695,1,1
2,695,1,1
15,695,1,1
79,695,1,1
1,695,1,1
45,695,1,1
144,695,1,1
123,320,1,1
161,320,1,1
17,320,1,1
136,320,1,1
2,320,1,1
15,320,1,1
79,320,1,1
1,320,1,1
45,320,0,1
144,320,1,1
123,304,0,0
161,304,1,0
17,304,0,0
136,304,1,0
2,304,0,0
15,304,1,0
79,304,1,0
1,304,1,0
45,304,0,0
144,304,0,0
123,689,1,1
161,689,1,1
17,689,1,1
136,689,1,1
2,689,0,1
15,689,0,1
79,689,0,1
1,689,0,1
45,689,1,1
144,689,1,1
123,280,1,1
161,280,1,1
17,280,1,1
136,280,1,1
2,280,1,1
15,280,1,1
79,280,1,1
1,280,1,1
45,280,1,1
144,280,1,1
123,355,0,0
161,355,1,0
17,355,0,0
136,355,0,0
2,355,1,0
15,355,1,0
79,355,0,0
1,355,0,0
45,355,0,0
144,355,1,0
123,318,1,1
161,318,1,1
17,318,1,1
136,318,1,1
2,318,1,1
15,318,1,1
79,318,0,1
1,318,1,1
45,318,1,1
144,318,1,1
123,316,1,1
161,316,1,1
17,316,1,1
136,316,1,1
2,316,0,1
15,316,1,1
79,316,1,1
1,316,1,1
45,316,0,1
144,316,1,1
123,378,1,0
161,378,0,0
17,378,0,0
136,378,0,0
2,378,1,0
15,378,1,0
79,378,0,0
1,378,1,0
45,378,0,0
144,378,1,0
123,349,1,1
161,349,1,1
17,349,1,1
136,349,1,1
2,349,0,1
15,349,1,1
79,349,1,1
1,349,0,1
45,349,1,1
144,349,1,1
139,345,0,0
161,345,1,0
82,345,0,0
69,345,1,0
136,345,0,0
157,345,0,0
15,345,1,0
112,345,0,0
45,345,1,0
1,345,1,0
139,341,0,0
161,341,0,0
82,341,0,0
69,341,1,0
136,341,1,0
157,341,0,0
15,341,1,0
112,341,0,0
45,341,1,0
1,341,1,0
139,649,0,0
161,649,1,0
82,649,0,0
69,649,1,0
136,649,0,0
157,649,0,0
15,649,1,0
112,649,0,0
45,649,0,0
1,649,1,0
139,377,0,0
161,377,1,0
82,377,1,0
69,377,1,0
136,377,0,0
157,377,0,0
15,377,1,0
112,377,0,0
45,377,1,0
1,377,1,0
139,309,0,1
161,309,1,1
82,309,1,1
69,309,1,1
136,309,0,1
157,309,1,1
15,309,1,1
112,309,1,1
45,309,1,1
1,309,1,1
139,760,0,0
161,760,1,0
82,760,1,0
69,760,1,0
136,760,1,0
157,760,0,0
15,760,1,0
112,760,0,0
45,760,1,0
1,760,1,0
139,298,0,0
161,298,1,0
82,298,0,0
69,298,1,0
136,298,0,0
157,298,0,0
15,298,1,0
112,298,0,0
45,298,1,0
1,298,1,0
139,364,1,0
161,364,1,0
82,364,1,0
69,364,1,0
136,364,1,0
157,364,0,0
15,364,1,0
112,364,1,0
45,364,1,0
1,364,1,0
139,305,1,0
161,305,1,0
82,305,0,0
69,305,0,0
136,305,0,0
157,305,0,0
15,305,0,0
112,305,0,0
45,305,1,0
1,305,1,0
139,336,1,1
161,336,1,1
82,336,1,1
69,336,1,1
136,336,1,1
157,336,1,1
15,336,1,1
112,336,1,1
45,336,1,1
1,336,1,1
139,311,0,1
161,311,0,1
82,311,0,1
69,311,0,1
136,311,0,1
157,311,0,1
15,311,1,1
112,311,1,1
45,311,1,1
1,311,1,1
139,278,0,1
161,278,0,1
82,278,1,1
69,278,1,1
136,278,1,1
157,278,1,1
15,278,0,1
112,278,0,1
45,278,1,1
1,278,1,1
139,360,0,0
161,360,1,0
82,360,0,0
69,360,1,0
136,360,0,0
157,360,0,0
15,360,0,0
112,360,0,0
45,360,1,0
1,360,1,0
139,284,0,0
161,284,0,0
82,284,0,0
69,284,1,0
136,284,0,0
157,284,0,0
15,284,1,0
112,284,0,0
45,284,1,0
1,284,1,0
139,375,0,1
161,375,0,1
82,375,0,1
69,375,1,1
136,375,0,1
157,375,0,1
15,375,0,1
112,375,0,1
45,375,1,1
1,375,1,1
139,348,1,1
161,348,1,1
82,348,1,1
69,348,1,1
136,348,1,1
157,348,0,1
15,348,1,1
112,348,1,1
45,348,1,1
1,348,0,1
139,645,1,1
161,645,1,1
82,645,1,1
69,645,1,1
136,645,1,1
157,645,1,1
15,645,1,1
112,645,1,1
45,645,1,1
1,645,0,1
139,759,0,0
161,759,1,0
82,759,0,0
69,759,1,0
136,759,0,0
157,759,0,0
15,759,1,0
112,759,0,0
45,759,1,0
1,759,1,0
139,372,0,0
161,372,0,0
82,372,1,0
69,372,1,0
136,372,0,0
157,372,1,0
15,372,1,0
112,372,0,0
45,372,1,0
1,372,1,0
139,651,1,1
161,651,1,1
82,651,1,1
69,651,1,1
136,651,1,1
157,651,1,1
15,651,1,1
112,651,1,1
45,651,0,1
1,651,0,1
118,565,0,0
75,565,0,0
102,565,1,0
88,565,0,0
143,565,0,0
161,565,1,0
2,565,1,0
15,565,1,0
1,565,1,0
45,565,0,0
118,247,1,1
75,247,1,1
102,247,1,1
88,247,1,1
143,247,1,1
161,247,0,1
2,247,1,1
15,247,1,1
1,247,1,1
45,247,0,1
118,741,0,0
75,741,0,0
102,741,0,0
88,741,0,0
143,741,0,0
161,741,0,0
2,741,0,0
15,741,0,0
1,741,0,0
45,741,1,0
118,61,1,1
75,61,1,1
102,61,1,1
88,61,1,1
143,61,1,1
161,61,1,1
2,61,0,1
15,61,1,1
1,61,1,1
45,61,0,1
118,242,1,1
75,242,1,1
102,242,1,1
88,242,1,1
143,242,1,1
161,242,1,1
2,242,1,1
15,242,1,1
1,242,1,1
45,242,1,1
118,564,1,1
75,564,1,1
102,564,1,1
88,564,1,1
143,564,1,1
161,564,1,1
2,564,1,1
15,564,1,1
1,564,1,1
45,564,1,1
118,603,0,0
75,603,0,0
102,603,0,0
88,603,0,0
143,603,0,0
161,603,1,0
2,603,1,0
15,603,1,0
1,603,1,0
45,603,1,0
118,702,0,0
75,702,1,0
102,702,0,0
88,702,0,0
143,702,0,0
161,702,1,0
2,702,0,0
15,702,1,0
1,702,1,0
45,702,1,0
118,574,0,1
75,574,1,1
102,574,1,1
88,574,0,1
143,574,0,1
161,574,1,1
2,574,1,1
15,574,0,1
1,574,0,1
45,574,1,1
118,626,0,1
75,626,1,1
102,626,1,1
88,626,1,1
143,626,1,1
161,626,1,1
2,626,0,1
15,626,0,1
1,626,1,1
45,626,1,1
118,20,1,1
75,20,1,1
102,20,1,1
88,20,1,1
143,20,1,1
161,20,1,1
2,20,1,1
15,20,0,1
1,20,1,1
45,20,1,1
118,235,1,1
75,235,1,1
102,235,1,1
88,235,1,1
143,235,1,1
161,235,1,1
2,235,1,1
15,235,1,1
1,235,1,1
45,235,1,1
118,638,0,0
75,638,0,0
102,638,0,0
88,638,0,0
143,638,0,0
161,638,1,0
2,638,1,0
15,638,0,0
1,638,1,0
45,638,1,0
118,524,0,1
75,524,1,1
102,524,0,1
88,524,1,1
143,524,1,1
161,524,1,1
2,524,0,1
15,524,1,1
1,524,1,1
45,524,0,1
118,643,0,1
75,643,1,1
102,643,1,1
88,643,1,1
143,643,1,1
161,643,1,1
2,643,1,1
15,643,1,1
1,643,1,1
45,643,0,1
118,660,0,0
75,660,0,0
102,660,0,0
88,660,0,0
143,660,0,0
161,660,1,0
2,660,1,0
15,660,1,0
1,660,1,0
45,660,1,0
118,543,1,0
75,543,0,0
102,543,1,0
88,543,1,0
143,543,0,0
161,543,1,0
2,543,1,0
15,543,0,0
1,543,0,0
45,543,0,0
118,267,1,1
75,267,1,1
102,267,1,1
88,267,1,1
143,267,1,1
161,267,1,1
2,267,0,1
15,267,1,1
1,267,1,1
45,267,1,1
118,189,1,1
75,189,1,1
102,189,1,1
88,189,1,1
143,189,1,1
161,189,0,1
2,189,1,1
15,189,1,1
1,189,1,1
45,189,1,1
118,662,0,1
75,662,1,1
102,662,1,1
88,662,1,1
143,662,1,1
161,662,1,1
2,662,0,1
15,662,1,1
1,662,0,1
45,662,1,1
15,252,1,1
24,252,1,1
13,252,1,1
39,252,1,1
154,252,0,1
80,252,1,1
121,252,1,1
45,252,1,1
1,252,0,1
92,252,1,1
162,108,0,0
9,108,0,0
134,108,0,0
143,108,0,0
151,108,0,0
142,108,0,0
15,108,1,0
83,108,0,0
1,108,1,0
45,108,1,0
162,109,0,1
9,109,1,1
134,109,1,1
143,109,1,1
151,109,0,1
142,109,1,1
15,109,1,1
83,109,1,1
1,109,1,1
45,109,1,1
162,583,1,0
9,583,0,0
134,583,0,0
143,583,0,0
151,583,0,0
142,583,0,0
15,583,1,0
83,583,0,0
1,583,0,0
45,583,1,0
46,415,1,1
158,415,0,1
9,415,1,1
104,415,0,1
153,415,1,1
116,415,1,1
161,415,1,1
29,415,1,1
15,415,1,1
1,415,1,1
46,405,1,1
158,405,1,1
9,405,1,1
104,405,1,1
153,405,1,1
116,405,0,1
161,405,1,1
29,405,1,1
15,405,1,1
1,405,1,1
46,786,1,1
158,786,1,1
9,786,1,1
104,786,0,1
153,786,0,1
116,786,0,1
161,786,1,1
29,786,1,1
15,786,1,1
1,786,1,1
46,582,1,1
158,582,1,1
9,582,1,1
104,582,1,1
153,582,1,1
116,582,1,1
161,582,0,1
29,582,1,1
15,582,1,1
1,582,1,1
46,625,0,0
158,625,0,0
9,625,0,0
104,625,0,0
153,625,1,0
116,625,0,0
161,625,0,0
29,625,0,0
15,625,1,0
1,625,0,0
46,391,0,0
158,391,0,0
9,391,0,0
104,391,0,0
153,391,1,0
116,391,0,0
161,391,0,0
29,391,0,0
15,391,1,0
1,391,0,0
46,101,1,1
158,101,1,1
9,101,1,1
104,101,1,1
153,101,1,1
116,101,1,1
161,101,1,1
29,101,1,1
15,101,1,1
1,101,1,1
46,128,1,1
158,128,1,1
9,128,1,1
104,128,1,1
153,128,1,1
116,128,1,1
161,128,1,1
29,128,1,1
15,128,1,1
1,128,1,1
46,155,1,1
158,155,1,1
9,155,1,1
104,155,0,1
153,155,0,1
116,155,1,1
161,155,0,1
29,155,1,1
15,155,1,1
1,155,0,1
46,160,1,1
158,160,1,1
9,160,1,1
104,160,1,1
153,160,1,1
116,160,1,1
161,160,1,1
29,160,1,1
15,160,1,1
1,160,0,1
46,618,0,0
158,618,0,0
9,618,0,0
104,618,0,0
153,618,0,0
116,618,0,0
161,618,1,0
29,618,0,0
15,618,1,0
1,618,1,0
46,144,0,1
158,144,0,1
9,144,1,1
104,144,0,1
153,144,1,1
116,144,0,1
161,144,0,1
29,144,0,1
15,144,1,1
1,144,1,1
46,137,1,1
158,137,1,1
9,137,1,1
104,137,1,1
153,137,1,1
116,137,0,1
161,137,1,1
29,137,1,1
15,137,0,1
1,137,1,1
46,404,0,0
158,404,0,0
9,404,0,0
104,404,0,0
153,404,0,0
116,404,0,0
161,404,1,0
29,404,0,0
15,404,0,0
1,404,1,0
46,407,1,1
158,407,1,1
9,407,1,1
104,407,1,1
153,407,1,1
116,407,1,1
161,407,1,1
29,407,1,1
15,407,0,1
1,407,1,1
46,623,0,0
158,623,0,0
9,623,0,0
104,623,0,0
153,623,0,0
116,623,0,0
161,623,0,0
29,623,0,0
15,623,1,0
1,623,1,0
46,110,1,1
158,110,1,1
9,110,1,1
104,110,1,1
153,110,1,1
116,110,1,1
161,110,1,1
29,110,1,1
15,110,1,1
1,110,1,1
46,594,0,0
158,594,0,0
9,594,0,0
104,594,0,0
153,594,0,0
116,594,0,0
161,594,0,0
29,594,0,0
15,594,1,0
1,594,1,0
46,94,0,0
158,94,0,0
9,94,0,0
104,94,0,0
153,94,1,0
116,94,0,0
161,94,0,0
29,94,0,0
15,94,1,0
1,94,0,0
46,96,0,0
158,96,0,0
9,96,0,0
104,96,0,0
153,96,0,0
116,96,0,0
161,96,0,0
29,96,0,0
15,96,1,0
1,96,1,0
9,620,0,0
161,620,0,0
114,620,0,0
136,620,0,0
2,620,1,0
15,620,1,0
1,620,1,0
67,620,0,0
152,620,1,0
126,620,0,0
9,87,1,1
161,87,0,1
114,87,1,1
136,87,1,1
2,87,1,1
15,87,1,1
1,87,1,1
67,87,1,1
152,87,1,1
126,87,1,1
9,129,1,1
161,129,1,1
114,129,1,1
136,129,1,1
2,129,1,1
15,129,1,1
1,129,1,1
67,129,1,1
152,129,1,1
126,129,0,1
9,412,0,0
161,412,0,0
114,412,1,0
136,412,0,0
2,412,0,0
15,412,1,0
1,412,0,0
67,412,1,0
152,412,0,0
126,412,0,0
9,784,0,0
161,784,0,0
114,784,1,0
136,784,0,0
2,784,0,0
15,784,1,0
1,784,0,0
67,784,1,0
152,784,0,0
126,784,0,0
9,788,0,0
161,788,1,0
114,788,0,0
136,788,0,0
2,788,1,0
15,788,1,0
1,788,1,0
67,788,0,0
152,788,0,0
126,788,0,0
9,148,1,1
161,148,1,1
114,148,1,1
136,148,1,1
2,148,1,1
15,148,0,1
1,148,1,1
67,148,0,1
152,148,1,1
126,148,1,1
9,389,1,1
161,389,1,1
114,389,1,1
136,389,1,1
2,389,1,1
15,389,1,1
1,389,1,1
67,389,1,1
152,389,1,1
126,389,1,1
9,117,1,1
161,117,1,1
114,117,1,1
136,117,1,1
2,117,1,1
15,117,1,1
1,117,1,1
67,117,1,1
152,117,0,1
126,117,1,1
9,142,0,0
161,142,0,0
114,142,0,0
136,142,0,0
2,142,0,0
15,142,1,0
1,142,0,0
67,142,0,0
152,142,0,0
126,142,0,0
9,614,0,0
161,614,0,0
114,614,0,0
136,614,0,0
2,614,0,0
15,614,0,0
1,614,1,0
67,614,0,0
152,614,0,0
126,614,0,0
9,797,0,0
161,797,0,0
114,797,0,0
136,797,0,0
2,797,1,0
15,797,1,0
1,797,1,0
67,797,0,0
152,797,0,0
126,797,0,0
9,111,1,1
161,111,1,1
114,111,1,1
136,111,1,1
2,111,1,1
15,111,1,1
1,111,0,1
67,111,1,1
152,111,1,1
126,111,1,1
9,91,1,1
161,91,1,1
114,91,1,1
136,91,1,1
2,91,1,1
15,91,1,1
1,91,1,1
67,91,1,1
152,91,1,1
126,91,1,1
9,161,1,1
161,161,1,1
114,161,1,1
136,161,0,1
2,161,1,1
15,161,1,1
1,161,1,1
67,161,1,1
152,161,0,1
126,161,1,1
9,84,1,1
161,84,1,1
114,84,1,1
136,84,1,1
2,84,0,1
15,84,0,1
1,84,1,1
67,84,1,1
152,84,1,1
126,84,1,1
9,792,0,0
161,792,0,0
114,792,0,0
136,792,0,0
2,792,1,0
15,792,1,0
1,792,1,0
67,792,0,0
152,792,0,0
126,792,0,0
9,395,0,0
161,395,0,0
114,395,1,0
136,395,0,0
2,395,1,0
15,395,1,0
1,395,1,0
67,395,1,0
152,395,0,0
126,395,1,0
9,413,1,1
161,413,0,1
114,413,1,1
136,413,0,1
2,413,0,1
15,413,1,1
1,413,1,1
67,413,1,1
152,413,1,1
126,413,1,1
9,790,0,0
161,790,0,0
114,790,0,0
136,790,0,0
2,790,1,0
15,790,1,0
1,790,1,0
67,790,0,0
152,790,0,0
126,790,0,0
105,385,0,0
55,385,0,0
75,385,0,0
161,385,1,0
136,385,0,0
15,385,1,0
113,385,0,0
1,385,0,0
96,385,1,0
40,385,0,0
105,363,0,1
55,363,1,1
75,363,1,1
161,363,1,1
136,363,1,1
15,363,1,1
113,363,0,1
1,363,1,1
96,363,1,1
40,363,1,1
105,376,1,1
55,376,1,1
75,376,1,1
161,376,1,1
136,376,1,1
15,376,1,1
113,376,1,1
1,376,1,1
96,376,1,1
40,376,1,1
105,307,1,1
55,307,1,1
75,307,0,1
161,307,1,1
136,307,1,1
15,307,0,1
113,307,1,1
1,307,1,1
96,307,1,1
40,307,1,1
105,755,1,0
55,755,0,0
75,755,0,0
161,755,1,0
136,755,1,0
15,755,1,0
113,755,0,0
1,755,1,0
96,755,1,0
40,755,1,0
105,350,1,1
55,350,0,1
75,350,1,1
161,350,1,1
136,350,1,1
15,350,1,1
113,350,1,1
1,350,1,1
96,350,1,1
40,350,1,1
105,300,0,0
55,300,1,0
75,300,0,0
161,300,1,0
136,300,0,0
15,300,0,0
113,300,0,0
1,300,1,0
96,300,1,0
40,300,1,0
105,97,1,1
55,97,0,1
75,97,1,1
161,97,1,1
136,97,1,1
15,97,1,1
113,97,1,1
1,97,1,1
96,97,1,1
40,97,1,1
105,153,0,0
55,153,1,0
75,153,0,0
161,153,0,0
136,153,0,0
15,153,0,0
113,153,0,0
1,153,1,0
96,153,0,0
40,153,0,0
105,353,0,0
55,353,1,0
75,353,0,0
161,353,1,0
136,353,0,0
15,353,1,0
113,353,0,0
1,353,1,0
96,353,1,0
40,353,0,0
105,352,0,1
55,352,1,1
75,352,1,1
161,352,0,1
136,352,1,1
15,352,0,1
113,352,1,1
1,352,1,1
96,352,0,1
40,352,1,1
105,150,0,0
55,150,0,0
75,150,0,0
161,150,1,0
136,150,0,0
15,150,1,0
113,150,0,0
1,150,1,0
96,150,0,0
40,150,0,0
105,406,1,1
55,406,1,1
75,406,1,1
161,406,1,1
136,406,0,1
15,406,1,1
113,406,1,1
1,406,1,1
96,406,1,1
40,406,1,1
105,323,1,1
55,323,1,1
75,323,0,1
161,323,1,1
136,323,1,1
15,323,0,1
113,323,1,1
1,323,1,1
96,323,1,1
40,323,1,1
105,789,0,0
55,789,0,0
75,789,0,0
161,789,0,0
136,789,0,0
15,789,1,0
113,789,0,0
1,789,1,0
96,789,0,0
40,789,1,0
105,761,0,0
55,761,0,0
75,761,0,0
161,761,1,0
136,761,0,0
15,761,0,0
113,761,1,0
1,761,1,0
96,761,0,0
40,761,1,0
105,337,0,0
55,337,1,0
75,337,0,0
161,337,1,0
136,337,0,0
15,337,1,0
113,337,0,0
1,337,1,0
96,337,0,0
40,337,0,0
105,370,0,1
55,370,1,1
75,370,0,1
161,370,1,1
136,370,0,1
15,370,1,1
113,370,1,1
1,370,1,1
96,370,1,1
40,370,1,1
105,313,1,1
55,313,1,1
75,313,1,1
161,313,1,1
136,313,1,1
15,313,1,1
113,313,1,1
1,313,0,1
96,313,1,1
40,313,1,1
105,330,0,1
55,330,1,1
75,330,1,1
161,330,1,1
136,330,1,1
15,330,1,1
113,330,1,1
1,330,1,1
96,330,1,1
40,330,1,1
65,380,0,0
135,380,0,0
87,380,1,0
136,380,0,0
9,380,0,0
161,380,1,0
45,380,0,0
90,380,1,0
15,380,1,0
1,380,1,0
65,342,1,0
135,342,0,0
87,342,0,0
136,342,0,0
9,342,0,0
161,342,0,0
45,342,1,0
90,342,0,0
15,342,0,0
1,342,1,0
65,374,1,0
135,374,0,0
87,374,1,0
136,374,1,0
9,374,1,0
161,374,1,0
45,374,1,0
90,374,1,0
15,374,1,0
1,374,1,0
65,381,1,0
135,381,0,0
87,381,1,0
136,381,0,0
9,381,0,0
161,381,0,0
45,381,1,0
90,381,1,0
15,381,1,0
1,381,1,0
65,281,0,0
135,281,0,0
87,281,0,0
136,281,0,0
9,281,0,0
161,281,1,0
45,281,1,0
90,281,0,0
15,281,1,0
1,281,1,0
65,371,0,0
135,371,0,0
87,371,1,0
136,371,0,0
9,371,0,0
161,371,1,0
45,371,1,0
90,371,0,0
15,371,1,0
1,371,1,0
65,306,1,1
135,306,0,1
87,306,0,1
136,306,0,1
9,306,1,1
161,306,1,1
45,306,1,1
90,306,1,1
15,306,1,1
1,306,0,1
65,287,0,0
135,287,0,0
87,287,0,0
136,287,0,0
9,287,0,0
161,287,1,0
45,287,1,0
90,287,1,0
15,287,1,0
1,287,1,0
65,288,1,1
135,288,1,1
87,288,1,1
136,288,1,1
9,288,1,1
161,288,1,1
45,288,1,1
90,288,1,1
15,288,1,1
1,288,1,1
65,312,1,1
135,312,0,1
87,312,1,1
136,312,1,1
9,312,1,1
161,312,0,1
45,312,1,1
90,312,0,1
15,312,0,1
1,312,1,1
65,293,1,1
135,293,1,1
87,293,1,1
136,293,1,1
9,293,1,1
161,293,1,1
45,293,1,1
90,293,1,1
15,293,0,1
1,293,0,1
65,291,1,1
135,291,0,1
87,291,1,1
136,291,1,1
9,291,1,1
161,291,0,1
45,291,1,1
90,291,1,1
15,291,1,1
1,291,1,1
65,325,0,1
135,325,0,1
87,325,1,1
136,325,0,1
9,325,1,1
161,325,0,1
45,325,1,1
90,325,1,1
15,325,1,1
1,325,1,1
65,351,0,1
135,351,0,1
87,351,1,1
136,351,1,1
9,351,1,1
161,351,1,1
45,351,1,1
90,351,0,1
15,351,1,1
1,351,1,1
65,384,1,0
135,384,0,0
87,384,1,0
136,384,0,0
9,384,1,0
161,384,0,0
45,384,1,0
90,384,1,0
15,384,1,0
1,384,1,0
161,55,1,1
2,55,1,1
45,55,1,1
15,55,0,1
136,55,1,1
111,55,1,1
1,55,1,1
4,55,1,1
71,55,1,1
145,55,1,1
161,609,1,0
2,609,0,0
45,609,1,0
15,609,1,0
136,609,0,0
111,609,0,0
1,609,0,0
4,609,0,0
71,609,0,0
145,609,0,0
161,706,1,0
2,706,1,0
45,706,1,0
15,706,1,0
136,706,0,0
111,706,0,0
1,706,1,0
4,706,0,0
71,706,0,0
145,706,0,0
161,703,0,1
2,703,0,1
45,703,1,1
15,703,1,1
136,703,0,1
111,703,0,1
1,703,1,1
4,703,0,1
71,703,1,1
145,703,0,1
161,59,1,0
2,59,1,0
45,59,1,0
15,59,1,0
136,59,0,0
111,59,0,0
1,59,1,0
4,59,0,0
71,59,0,0
145,59,0,0
161,46,0,1
2,46,1,1
45,46,1,1
15,46,1,1
136,46,1,1
111,46,1,1
1,46,0,1
4,46,1,1
71,46,1,1
145,46,1,1
161,58,1,1
2,58,1,1
45,58,1,1
15,58,1,1
136,58,1,1
111,58,0,1
1,58,1,1
4,58,1,1
71,58,1,1
145,58,1,1
161,50,1,1
2,50,1,1
45,50,1,1
15,50,1,1
136,50,0,1
111,50,0,1
1,50,1,1
4,50,1,1
71,50,1,1
145,50,0,1
161,28,0,1
2,28,1,1
45,28,0,1
15,28,1,1
136,28,1,1
111,28,1,1
1,28,1,1
4,28,1,1
71,28,0,1
145,28,1,1
161,712,1,0
2,712,0,0
45,712,1,0
15,712,0,0
136,712,0,0
111,712,0,0
1,712,1,0
4,712,0,0
71,712,0,0
145,712,0,0
161,175,1,1
2,175,0,1
45,175,1,1
15,175,1,1
136,175,1,1
111,175,1,1
1,175,1,1
4,175,1,1
71,175,1,1
145,175,1,1
161,43,1,1
2,43,1,1
45,43,1,1
15,43,1,1
136,43,1,1
111,43,1,1
1,43,0,1
4,43,1,1
71,43,1,1
145,43,1,1
161,54,1,0
2,54,1,0
45,54,1,0
15,54,1,0
136,54,1,0
111,54,0,0
1,54,1,0
4,54,1,0
71,54,0,0
145,54,0,0
65,328,1,1
135,328,1,1
87,328,1,1
136,328,0,1
9,328,0,1
161,328,0,1
45,328,1,1
90,328,1,1
15,328,1,1
1,328,1,1
65,362,1,1
135,362,1,1
87,362,1,1
136,362,1,1
9,362,1,1
161,362,1,1
45,362,1,1
90,362,1,1
15,362,1,1
1,362,1,1
65,758,0,0
135,758,0,0
87,758,1,0
136,758,1,0
9,758,0,0
161,758,1,0
45,758,1,0
90,758,0,0
15,758,1,0
1,758,1,0
65,331,1,1
135,331,0,1
87,331,1,1
136,331,1,1
9,331,1,1
161,331,1,1
45,331,1,1
90,331,1,1
15,331,1,1
1,331,1,1
65,303,1,1
135,303,1,1
87,303,1,1
136,303,1,1
9,303,1,1
161,303,0,1
45,303,1,1
90,303,0,1
15,303,1,1
1,303,1,1
107,276,1,1
161,276,1,1
41,276,1,1
119,276,1,1
84,276,1,1
2,276,0,1
15,276,1,1
79,276,0,1
1,276,1,1
45,276,1,1
107,299,0,1
161,299,1,1
41,299,0,1
119,299,1,1
84,299,1,1
2,299,0,1
15,299,1,1
79,299,1,1
1,299,1,1
45,299,1,1
107,382,0,0
161,382,1,0
41,382,0,0
119,382,1,0
84,382,1,0
2,382,1,0
15,382,1,0
79,382,0,0
1,382,1,0
45,382,1,0
107,285,1,1
161,285,0,1
41,285,1,1
119,285,1,1
84,285,1,1
2,285,1,1
15,285,1,1
79,285,1,1
1,285,1,1
45,285,1,1
107,354,0,0
161,354,0,0
41,354,0,0
119,354,1,0
84,354,1,0
2,354,1,0
15,354,1,0
79,354,1,0
1,354,0,0
45,354,1,0
107,386,0,0
161,386,1,0
41,386,1,0
119,386,0,0
84,386,1,0
2,386,0,0
15,386,1,0
79,386,1,0
1,386,0,0
45,386,1,0
107,324,0,1
161,324,1,1
41,324,1,1
119,324,0,1
84,324,1,1
2,324,1,1
15,324,1,1
79,324,1,1
1,324,0,1
45,324,0,1
107,357,0,0
161,357,0,0
41,357,0,0
119,357,1,0
84,357,1,0
2,357,0,0
15,357,1,0
79,357,0,0
1,357,0,0
45,357,1,0
107,294,1,1
161,294,0,1
41,294,1,1
119,294,1,1
84,294,1,1
2,294,1,1
15,294,0,1
79,294,1,1
1,294,0,1
45,294,1,1
107,302,0,1
161,302,0,1
41,302,1,1
119,302,0,1
84,302,1,1
2,302,0,1
15,302,1,1
79,302,0,1
1,302,0,1
45,302,0,1
107,329,0,0
161,329,1,0
41,329,0,0
119,329,1,0
84,329,1,0
2,329,1,0
15,329,1,0
79,329,0,0
1,329,0,0
45,329,1,0
107,301,0,0
161,301,1,0
41,301,0,0
119,301,0,0
84,301,1,0
2,301,1,0
15,301,1,0
79,301,0,0
1,301,0,0
45,301,1,0
107,361,0,0
161,361,1,0
41,361,0,0
119,361,0,0
84,361,1,0
2,361,1,0
15,361,0,0
79,361,0,0
1,361,1,0
45,361,1,0
107,335,0,1
161,335,0,1
41,335,1,1
119,335,1,1
84,335,1,1
2,335,0,1
15,335,0,1
79,335,1,1
1,335,0,1
45,335,1,1
107,322,1,1
161,322,0,1
41,322,1,1
119,322,1,1
84,322,1,1
2,322,1,1
15,322,1,1
79,322,1,1
1,322,1,1
45,322,0,1
107,296,0,0
161,296,0,0
41,296,0,0
119,296,0,0
84,296,1,0
2,296,0,0
15,296,0,0
79,296,0,0
1,296,1,0
45,296,1,0
107,334,1,1
161,334,0,1
41,334,1,1
119,334,1,1
84,334,1,1
2,334,1,1
15,334,1,1
79,334,1,1
1,334,1,1
45,334,0,1
107,282,1,1
161,282,1,1
41,282,1,1
119,282,0,1
84,282,1,1
2,282,1,1
15,282,1,1
79,282,1,1
1,282,1,1
45,282,1,1
107,369,0,0
161,369,0,0
41,369,0,0
119,369,0,0
84,369,1,0
2,369,0,0
15,369,1,0
79,369,0,0
1,369,1,0
45,369,1,0
107,754,0,0
161,754,1,0
41,754,1,0
119,754,0,0
84,754,1,0
2,754,1,0
15,754,0,0
79,754,0,0
1,754,1,0
45,754,0,0
161,199,1,0
95,199,0,0
136,199,0,0
157,199,0,0
13,199,0,0
15,199,1,0
104,199,0,0
71,199,0,0
150,199,0,0
138,199,0,0
161,230,1,0
95,230,0,0
136,230,0,0
157,230,0,0
13,230,0,0
15,230,1,0
104,230,1,0
71,230,0,0
150,230,0,0
138,230,0,0
161,602,1,0
95,602,0,0
136,602,0,0
157,602,0,0
13,602,0,0
15,602,0,0
104,602,0,0
71,602,0,0
150,602,0,0
138,602,1,0
161,237,1,1
95,237,1,1
136,237,1,1
157,237,0,1
13,237,1,1
15,237,1,1
104,237,1,1
71,237,1,1
150,237,1,1
138,237,1,1
161,202,1,1
95,202,1,1
136,202,1,1
157,202,1,1
13,202,1,1
15,202,1,1
104,202,1,1
71,202,1,1
150,202,1,1
138,202,1,1
124,774,0,0
161,774,1,0
45,774,0,0
28,774,0,0
15,774,1,0
2,774,0,0
1,774,1,0
41,774,0,0
73,774,0,0
136,774,1,0
124,213,1,1
161,213,0,1
45,213,1,1
28,213,1,1
15,213,1,1
2,213,0,1
1,213,1,1
41,213,1,1
73,213,1,1
136,213,1,1
124,214,1,1
161,214,1,1
45,214,1,1
28,214,1,1
15,214,1,1
2,214,1,1
1,214,1,1
41,214,1,1
73,214,0,1
136,214,1,1
124,171,0,1
161,171,0,1
45,171,1,1
28,171,1,1
15,171,1,1
2,171,1,1
1,171,1,1
41,171,1,1
73,171,1,1
136,171,1,1
124,224,0,0
161,224,0,0
45,224,1,0
28,224,0,0
15,224,1,0
2,224,0,0
1,224,1,0
41,224,0,0
73,224,0,0
136,224,0,0
124,217,0,0
161,217,1,0
45,217,1,0
28,217,0,0
15,217,1,0
2,217,0,0
1,217,1,0
41,217,0,0
73,217,0,0
136,217,0,0
124,233,0,0
161,233,1,0
45,233,1,0
28,233,0,0
15,233,1,0
2,233,0,0
1,233,1,0
41,233,0,0
73,233,0,0
136,233,0,0
124,268,0,0
161,268,1,0
45,268,1,0
28,268,0,0
15,268,1,0
2,268,1,0
1,268,1,0
41,268,0,0
73,268,0,0
136,268,0,0
124,25,1,1
161,25,1,1
45,25,1,1
28,25,1,1
15,25,0,1
2,25,1,1
1,25,0,1
41,25,1,1
73,25,1,1
136,25,0,1
124,223,1,1
161,223,0,1
45,223,1,1
28,223,1,1
15,223,1,1
2,223,1,1
1,223,0,1
41,223,0,1
73,223,1,1
136,223,0,1
124,261,1,1
161,261,1,1
45,261,1,1
28,261,1,1
15,261,1,1
2,261,1,1
1,261,0,1
41,261,1,1
73,261,1,1
136,261,1,1
124,599,0,0
161,599,0,0
45,599,0,0
28,599,0,0
15,599,1,0
2,599,0,0
1,599,1,0
41,599,0,0
73,599,0,0
136,599,0,0
124,240,1,1
161,240,1,1
45,240,0,1
28,240,1,1
15,240,1,1
2,240,0,1
1,240,1,1
41,240,1,1
73,240,1,1
136,240,1,1
124,194,1,1
161,194,0,1
45,194,1,1
28,194,1,1
15,194,1,1
2,194,1,1
1,194,0,1
41,194,1,1
73,194,1,1
136,194,1,1
9,236,0,0
141,236,0,0
76,236,0,0
161,236,0,0
131,236,0,0
15,236,1,0
91,236,0,0
36,236,0,0
1,236,1,0
71,236,0,0
9,597,0,0
141,597,0,0
76,597,0,0
161,597,1,0
131,597,0,0
15,597,0,0
91,597,0,0
36,597,0,0
1,597,1,0
71,597,0,0
9,607,0,0
141,607,0,0
76,607,0,0
161,607,1,0
131,607,0,0
15,607,1,0
91,607,0,0
36,607,0,0
1,607,0,0
71,607,0,0
9,248,1,1
141,248,0,1
76,248,1,1
161,248,1,1
131,248,1,1
15,248,1,1
91,248,1,1
36,248,1,1
1,248,1,1
71,248,0,1
9,203,1,1
141,203,1,1
76,203,1,1
161,203,1,1
131,203,1,1
15,203,1,1
91,203,1,1
36,203,1,1
1,203,1,1
71,203,1,1
9,265,1,1
141,265,0,1
76,265,1,1
161,265,1,1
131,265,1,1
15,265,0,1
91,265,1,1
36,265,1,1
1,265,1,1
71,265,1,1
9,260,1,1
141,260,1,1
76,260,1,1
161,260,1,1
131,260,1,1
15,260,1,1
91,260,1,1
36,260,1,1
1,260,1,1
71,260,1,1
9,24,0,1
141,24,1,1
76,24,0,1
161,24,1,1
131,24,1,1
15,24,1,1
91,24,1,1
36,24,1,1
1,24,1,1
71,24,1,1
9,256,0,0
141,256,0,0
76,256,0,0
161,256,1,0
131,256,0,0
15,256,1,0
91,256,0,0
36,256,0,0
1,256,1,0
71,256,0,0
9,270,0,1
141,270,0,1
76,270,1,1
161,270,1,1
131,270,1,1
15,270,1,1
91,270,0,1
36,270,1,1
1,270,1,1
71,270,1,1
9,62,0,0
141,62,0,0
76,62,0,0
161,62,0,0
131,62,0,0
15,62,1,0
91,62,0,0
36,62,0,0
1,62,1,0
71,62,0,0
9,211,0,0
141,211,0,0
76,211,1,0
161,211,1,0
131,211,0,0
15,211,1,0
91,211,1,0
36,211,0,0
1,211,1,0
71,211,0,0
9,246,0,0
141,246,0,0
76,246,0,0
161,246,1,0
131,246,0,0
15,246,1,0
91,246,0,0
36,246,0,0
1,246,1,0
71,246,0,0
9,21,1,1
141,21,1,1
76,21,1,1
161,21,1,1
131,21,1,1
15,21,1,1
91,21,1,1
36,21,1,1
1,21,1,1
71,21,1,1
9,770,0,0
141,770,0,0
76,770,0,0
161,770,0,0
131,770,0,0
15,770,1,0
91,770,0,0
36,770,0,0
1,770,1,0
71,770,0,0
9,798,0,0
141,798,0,0
76,798,0,0
161,798,0,0
131,798,0,0
15,798,0,0
91,798,0,0
36,798,0,0
1,798,1,0
71,798,0,0
9,198,1,1
141,198,1,1
76,198,1,1
161,198,1,1
131,198,1,1
15,198,1,1
91,198,1,1
36,198,1,1
1,198,1,1
71,198,1,1
9,169,0,0
141,169,0,0
76,169,0,0
161,169,0,0
131,169,0,0
15,169,1,0
91,169,0,0
36,169,0,0
1,169,1,0
71,169,0,0
9,209,0,0
141,209,0,0
76,209,0,0
161,209,0,0
131,209,0,0
15,209,1,0
91,209,0,0
36,209,0,0
1,209,1,0
71,209,0,0
9,166,0,0
141,166,0,0
76,166,0,0
161,166,1,0
131,166,0,0
15,166,1,0
91,166,0,0
36,166,0,0
1,166,1,0
71,166,0,0
51,450,1,1
125,450,1,1
161,450,0,1
64,450,0,1
157,450,1,1
15,450,1,1
136,450,1,1
1,450,0,1
45,450,0,1
26,450,1,1
51,76,1,1
125,76,1,1
161,76,0,1
64,76,1,1
157,76,1,1
15,76,0,1
136,76,1,1
1,76,0,1
45,76,0,1
26,76,1,1
51,502,1,1
125,502,1,1
161,502,1,1
64,502,1,1
157,502,1,1
15,502,1,1
136,502,1,1
1,502,0,1
45,502,0,1
26,502,1,1
51,19,1,1
125,19,1,1
161,19,1,1
64,19,1,1
157,19,0,1
15,19,1,1
136,19,1,1
1,19,1,1
45,19,1,1
26,19,1,1
51,250,1,1
125,250,1,1
161,250,1,1
64,250,1,1
157,250,1,1
15,250,0,1
136,250,1,1
1,250,1,1
45,250,1,1
26,250,1,1
51,462,0,0
125,462,0,0
161,462,0,0
64,462,0,0
157,462,0,0
15,462,1,0
136,462,0,0
1,462,0,0
45,462,1,0
26,462,0,0
51,437,1,1
125,437,1,1
161,437,0,1
64,437,1,1
157,437,1,1
15,437,1,1
136,437,1,1
1,437,1,1
45,437,1,1
26,437,0,1
51,507,1,1
125,507,0,1
161,507,0,1
64,507,0,1
157,507,0,1
15,507,1,1
136,507,0,1
1,507,0,1
45,507,1,1
26,507,1,1
51,731,0,0
125,731,0,0
161,731,1,0
64,731,0,0
157,731,0,0
15,731,1,0
136,731,0,0
1,731,0,0
45,731,1,0
26,731,0,0
51,478,0,0
125,478,0,0
161,478,0,0
64,478,0,0
157,478,1,0
15,478,1,0
136,478,0,0
1,478,0,0
45,478,1,0
26,478,0,0
51,446,1,0
125,446,0,0
161,446,1,0
64,446,0,0
157,446,0,0
15,446,1,0
136,446,0,0
1,446,1,0
45,446,1,0
26,446,1,0
51,718,0,0
125,718,0,0
161,718,1,0
64,718,0,0
157,718,0,0
15,718,0,0
136,718,0,0
1,718,1,0
45,718,0,0
26,718,0,0
51,441,1,1
125,441,1,1
161,441,1,1
64,441,1,1
157,441,0,1
15,441,1,1
136,441,1,1
1,441,1,1
45,441,1,1
26,441,1,1
51,494,1,1
125,494,1,1
161,494,0,1
64,494,1,1
157,494,1,1
15,494,1,1
136,494,0,1
1,494,1,1
45,494,0,1
26,494,1,1
51,272,1,1
125,272,1,1
161,272,1,1
64,272,1,1
157,272,1,1
15,272,0,1
136,272,1,1
1,272,0,1
45,272,1,1
26,272,1,1
51,506,1,1
125,506,1,1
161,506,1,1
64,506,1,1
157,506,1,1
15,506,1,1
136,506,0,1
1,506,0,1
45,506,1,1
26,506,1,1
51,448,0,0
125,448,0,0
161,448,1,0
64,448,0,0
157,448,0,0
15,448,1,0
136,448,0,0
1,448,1,0
45,448,0,0
26,448,0,0
51,457,1,1
125,457,0,1
161,457,1,1
64,457,0,1
157,457,1,1
15,457,1,1
136,457,0,1
1,457,1,1
45,457,1,1
26,457,1,1
51,456,0,0
125,456,0,0
161,456,0,0
64,456,0,0
157,456,0,0
15,456,1,0
136,456,0,0
1,456,0,0
45,456,1,0
26,456,0,0
51,454,0,0
125,454,0,0
161,454,0,0
64,454,0,0
157,454,0,0
15,454,1,0
136,454,0,0
1,454,1,0
45,454,1,0
26,454,0,0
48,432,0,0
161,432,0,0
147,432,0,0
15,432,1,0
7,432,0,0
38,432,0,0
44,432,0,0
1,432,0,0
66,432,0,0
128,432,1,0
48,721,0,0
161,721,0,0
147,721,0,0
15,721,1,0
7,721,0,0
38,721,0,0
44,721,0,0
1,721,0,0
66,721,0,0
128,721,0,0
48,745,1,0
161,745,1,0
147,745,0,0
15,745,1,0
7,745,0,0
38,745,0,0
44,745,0,0
1,745,0,0
66,745,0,0
128,745,1,0
48,453,0,0
161,453,1,0
147,453,0,0
15,453,1,0
7,453,0,0
38,453,0,0
44,453,0,0
1,453,1,0
66,453,0,0
128,453,1,0
48,444,0,0
161,444,0,0
147,444,0,0
15,444,0,0
7,444,0,0
38,444,0,0
44,444,0,0
1,444,0,0
66,444,0,0
128,444,0,0
48,514,1,1
161,514,1,1
147,514,1,1
15,514,1,1
7,514,0,1
38,514,1,1
44,514,0,1
1,514,1,1
66,514,1,1
128,514,1,1
48,496,0,0
161,496,1,0
147,496,0,0
15,496,1,0
7,496,0,0
38,496,0,0
44,496,0,0
1,496,0,0
66,496,0,0
128,496,0,0
48,512,1,1
161,512,0,1
147,512,1,1
15,512,1,1
7,512,0,1
38,512,0,1
44,512,1,1
1,512,1,1
66,512,1,1
128,512,0,1
48,744,1,0
161,744,1,0
147,744,0,0
15,744,1,0
7,744,0,0
38,744,0,0
44,744,0,0
1,744,1,0
66,744,0,0
128,744,1,0
48,436,1,1
161,436,1,1
147,436,1,1
15,436,1,1
7,436,1,1
38,436,1,1
44,436,1,1
1,436,0,1
66,436,1,1
128,436,0,1
48,747,0,0
161,747,1,0
147,747,0,0
15,747,1,0
7,747,0,0
38,747,0,0
44,747,0,0
1,747,0,0
66,747,0,0
128,747,0,0
48,459,0,0
161,459,0,0
147,459,0,0
15,459,1,0
7,459,0,0
38,459,0,0
44,459,0,0
1,459,1,0
66,459,0,0
128,459,0,0
48,742,0,0
161,742,1,0
147,742,0,0
15,742,0,0
7,742,0,0
38,742,0,0
44,742,0,0
1,742,1,0
66,742,0,0
128,742,0,0
48,480,0,0
161,480,0,0
147,480,0,0
15,480,1,0
7,480,0,0
38,480,0,0
44,480,0,0
1,480,0,0
66,480,0,0
128,480,0,0
48,471,1,1
161,471,1,1
147,471,1,1
15,471,0,1
7,471,1,1
38,471,1,1
44,471,1,1
1,471,0,1
66,471,1,1
128,471,1,1
48,723,0,0
161,723,1,0
147,723,0,0
15,723,1,0
7,723,0,0
38,723,0,0
44,723,0,0
1,723,1,0
66,723,0,0
128,723,0,0
48,434,0,0
161,434,0,0
147,434,0,0
15,434,1,0
7,434,0,0
38,434,0,0
44,434,0,0
1,434,0,0
66,434,0,0
128,434,0,0
48,79,0,0
161,79,0,0
147,79,0,0
15,79,1,0
7,79,0,0
38,79,0,0
44,79,0,0
1,79,1,0
66,79,0,0
128,79,0,0
48,468,1,1
161,468,1,1
147,468,1,1
15,468,1,1
7,468,0,1
38,468,1,1
44,468,1,1
1,468,1,1
66,468,1,1
128,468,1,1
48,466,0,0
161,466,0,0
147,466,0,0
15,466,0,0
7,466,0,0
38,466,1,0
44,466,0,0
1,466,1,0
66,466,0,0
128,466,0,0
56,737,0,0
9,737,0,0
161,737,0,0
64,737,0,0
136,737,0,0
15,737,1,0
1,737,1,0
45,737,1,0
47,737,0,0
43,737,0,0
56,485,0,0
9,485,0,0
161,485,0,0
64,485,0,0
136,485,1,0
15,485,1,0
1,485,1,0
45,485,1,0
47,485,0,0
43,485,0,0
56,719,0,0
9,719,0,0
161,719,0,0
64,719,0,0
136,719,0,0
15,719,0,0
1,719,1,0
45,719,1,0
47,719,0,0
43,719,0,0
15,259,0,0
24,259,0,0
13,259,0,0
39,259,0,0
154,259,0,0
80,259,0,0
121,259,0,0
45,259,1,0
1,259,0,0
92,259,0,0
15,243,1,1
24,243,1,1
13,243,1,1
39,243,1,1
154,243,1,1
80,243,1,1
121,243,0,1
45,243,1,1
1,243,0,1
92,243,1,1
15,239,0,1
24,239,1,1
13,239,1,1
39,239,1,1
154,239,1,1
80,239,0,1
121,239,1,1
45,239,1,1
1,239,1,1
92,239,1,1
15,193,1,0
24,193,0,0
13,193,0,0
39,193,0,0
154,193,0,0
80,193,0,0
121,193,0,0
45,193,1,0
1,193,0,0
92,193,0,0
15,192,1,1
24,192,1,1
13,192,1,1
39,192,1,1
154,192,0,1
80,192,1,1
121,192,1,1
45,192,0,1
1,192,1,1
92,192,1,1
15,232,1,1
24,232,1,1
13,232,1,1
39,232,0,1
154,232,1,1
80,232,1,1
121,232,1,1
45,232,1,1
1,232,0,1
92,232,1,1
15,227,1,1
24,227,0,1
13,227,1,1
39,227,1,1
154,227,1,1
80,227,1,1
121,227,1,1
45,227,0,1
1,227,1,1
92,227,1,1
15,195,1,0
24,195,0,0
13,195,0,0
39,195,0,0
154,195,0,0
80,195,0,0
121,195,0,0
45,195,1,0
1,195,0,0
92,195,0,0
15,605,1,0
24,605,1,0
13,605,1,0
39,605,0,0
154,605,1,0
80,605,0,0
121,605,0,0
45,605,1,0
1,605,1,0
92,605,0,0
15,18,1,1
24,18,1,1
13,18,1,1
39,18,0,1
154,18,1,1
80,18,0,1
121,18,1,1
45,18,1,1
1,18,1,1
92,18,1,1
15,212,1,1
24,212,1,1
13,212,1,1
39,212,1,1
154,212,1,1
80,212,1,1
121,212,1,1
45,212,1,1
1,212,1,1
92,212,1,1
15,271,1,1
24,271,1,1
13,271,1,1
39,271,1,1
154,271,1,1
80,271,1,1
121,271,1,1
45,271,1,1
1,271,1,1
92,271,1,1
15,604,1,0
24,604,0,0
13,604,1,0
39,604,0,0
154,604,0,0
80,604,0,0
121,604,0,0
45,604,1,0
1,604,1,0
92,604,0,0
15,228,1,1
24,228,1,1
13,228,1,1
39,228,1,1
154,228,1,1
80,228,1,1
121,228,1,1
45,228,0,1
1,228,0,1
92,228,1,1
15,191,1,0
24,191,0,0
13,191,0,0
39,191,0,0
154,191,1,0
80,191,0,0
121,191,1,0
45,191,0,0
1,191,1,0
92,191,0,0
15,598,1,0
24,598,0,0
13,598,1,0
39,598,0,0
154,598,1,0
80,598,0,0
121,598,0,0
45,598,1,0
1,598,0,0
92,598,0,0
15,196,0,0
24,196,0,0
13,196,1,0
39,196,0,0
154,196,1,0
80,196,1,0
121,196,0,0
45,196,0,0
1,196,0,0
92,196,0,0
15,190,0,0
24,190,0,0
13,190,0,0
39,190,0,0
154,190,0,0
80,190,0,0
121,190,0,0
45,190,1,0
1,190,1,0
92,190,0,0
15,238,1,1
24,238,1,1
13,238,1,1
39,238,1,1
154,238,1,1
80,238,1,1
121,238,1,1
45,238,1,1
1,238,0,1
92,238,1,1
9,590,0,0
109,590,0,0
161,590,1,0
11,590,0,0
15,590,1,0
100,590,0,0
140,590,0,0
1,590,1,0
45,590,0,0
56,590,0,0
9,167,0,0
109,167,0,0
161,167,0,0
11,167,0,0
15,167,1,0
100,167,0,0
140,167,0,0
1,167,1,0
45,167,0,0
56,167,0,0
9,531,0,0
109,531,0,0
161,531,0,0
11,531,0,0
15,531,1,0
100,531,0,0
140,531,1,0
1,531,1,0
45,531,0,0
56,531,0,0
9,537,0,0
109,537,0,0
161,537,0,0
11,537,0,0
15,537,1,0
100,537,0,0
140,537,0,0
1,537,1,0
45,537,0,0
56,537,0,0
9,669,1,1
109,669,1,1
161,669,1,1
11,669,0,1
15,669,1,1
100,669,1,1
140,669,1,1
1,669,1,1
45,669,0,1
56,669,1,1
9,521,0,0
109,521,0,0
161,521,1,0
11,521,0,0
15,521,0,0
100,521,0,0
140,521,0,0
1,521,1,0
45,521,1,0
56,521,0,0
9,561,1,1
109,561,1,1
161,561,1,1
11,561,1,1
15,561,1,1
100,561,1,1
140,561,1,1
1,561,1,1
45,561,1,1
56,561,1,1
9,168,0,0
109,168,0,0
161,168,0,0
11,168,0,0
15,168,1,0
100,168,0,0
140,168,0,0
1,168,1,0
45,168,1,0
56,168,0,0
9,593,0,0
109,593,0,0
161,593,0,0
11,593,0,0
15,593,1,0
100,593,0,0
140,593,0,0
1,593,1,0
45,593,1,0
56,593,0,0
9,568,1,1
109,568,0,1
161,568,1,1
11,568,1,1
15,568,1,1
100,568,0,1
140,568,1,1
1,568,0,1
45,568,1,1
56,568,0,1
9,64,0,0
109,64,0,0
161,64,0,0
11,64,0,0
15,64,1,0
100,64,0,0
140,64,0,0
1,64,1,0
45,64,1,0
56,64,0,0
9,528,0,0
109,528,0,0
161,528,1,0
11,528,0,0
15,528,1,0
100,528,0,0
140,528,0,0
1,528,1,0
45,528,1,0
56,528,0,0
9,226,0,0
109,226,0,0
161,226,0,0
11,226,0,0
15,226,1,0
100,226,0,0
140,226,0,0
1,226,1,0
45,226,1,0
56,226,0,0
9,699,0,0
109,699,0,0
161,699,0,0
11,699,0,0
15,699,1,0
100,699,0,0
140,699,0,0
1,699,1,0
45,699,1,0
56,699,0,0
9,201,0,0
109,201,0,0
161,201,1,0
11,201,0,0
15,201,1,0
100,201,0,0
140,201,0,0
1,201,0,0
45,201,1,0
56,201,0,0
9,430,0,0
109,430,0,0
161,430,1,0
11,430,0,0
15,430,1,0
100,430,0,0
140,430,0,0
1,430,1,0
45,430,1,0
56,430,0,0
9,646,0,0
109,646,0,0
161,646,1,0
11,646,0,0
15,646,1,0
100,646,0,0
140,646,0,0
1,646,1,0
45,646,1,0
56,646,0,0
9,769,0,0
109,769,0,0
161,769,1,0
11,769,0,0
15,769,0,0
100,769,0,0
140,769,0,0
1,769,1,0
45,769,0,0
56,769,0,0
9,207,0,0
109,207,0,0
161,207,0,0
11,207,0,0
15,207,0,0
100,207,0,0
140,207,0,0
1,207,0,0
45,207,0,0
56,207,0,0
9,546,0,0
109,546,0,0
161,546,1,0
11,546,0,0
15,546,1,0
100,546,0,0
140,546,1,0
1,546,1,0
45,546,1,0
56,546,0,0
35,559,0,1
70,559,1,1
22,559,1,1
21,559,1,1
136,559,0,1
50,559,0,1
161,559,1,1
17,559,1,1
120,559,1,1
15,559,0,1
35,648,1,1
70,648,1,1
22,648,1,1
21,648,1,1
136,648,1,1
50,648,1,1
161,648,0,1
17,648,0,1
120,648,1,1
15,648,1,1
35,547,0,0
70,547,0,0
22,547,0,0
21,547,0,0
136,547,0,0
50,547,0,0
161,547,0,0
17,547,0,0
120,547,0,0
15,547,0,0
35,554,0,0
70,554,0,0
22,554,0,0
21,554,0,0
136,554,0,0
50,554,1,0
161,554,1,0
17,554,0,0
120,554,0,0
15,554,1,0
35,633,0,0
70,633,0,0
22,633,0,0
21,633,0,0
136,633,0,0
50,633,1,0
161,633,1,0
17,633,0,0
120,633,0,0
15,633,0,0
35,656,1,1
70,656,1,1
22,656,1,1
21,656,1,1
136,656,1,1
50,656,1,1
161,656,1,1
17,656,1,1
120,656,1,1
15,656,1,1
35,753,0,0
70,753,0,0
22,753,0,0
21,753,0,0
136,753,0,0
50,753,1,0
161,753,0,0
17,753,0,0
120,753,0,0
15,753,0,0
35,535,1,1
70,535,1,1
22,535,1,1
21,535,1,1
136,535,1,1
50,535,1,1
161,535,0,1
17,535,1,1
120,535,1,1
15,535,1,1
35,641,1,1
70,641,1,1
22,641,1,1
21,641,1,1
136,641,1,1
50,641,1,1
161,641,1,1
17,641,1,1
120,641,1,1
15,641,1,1
35,533,0,0
70,533,0,0
22,533,0,0
21,533,0,0
136,533,0,0
50,533,1,0
161,533,0,0
17,533,0,0
120,533,0,0
15,533,1,0
35,653,1,1
70,653,1,1
22,653,1,1
21,653,1,1
136,653,1,1
50,653,1,1
161,653,0,1
17,653,0,1
120,653,1,1
15,653,1,1
35,570,0,0
70,570,0,0
22,570,0,0
21,570,0,0
136,570,0,0
50,570,1,0
161,570,1,0
17,570,0,0
120,570,0,0
15,570,1,0
35,750,0,0
70,750,0,0
22,750,0,0
21,750,0,0
136,750,0,0
50,750,1,0
161,750,1,0
17,750,0,0
120,750,0,0
15,750,1,0
35,740,0,0
70,740,0,0
22,740,0,0
21,740,0,0
136,740,0,0
50,740,1,0
161,740,1,0
17,740,0,0
120,740,0,0
15,740,0,0
35,637,1,1
70,637,1,1
22,637,1,1
21,637,1,1
136,637,1,1
50,637,1,1
161,637,1,1
17,637,1,1
120,637,1,1
15,637,1,1
35,654,0,0
70,654,0,0
22,654,0,0
21,654,0,0
136,654,0,0
50,654,0,0
161,654,0,0
17,654,0,0
120,654,0,0
15,654,1,0
35,566,1,1
70,566,1,1
22,566,1,1
21,566,1,1
136,566,1,1
50,566,1,1
161,566,1,1
17,566,1,1
120,566,1,1
15,566,1,1
35,655,1,1
70,655,1,1
22,655,1,1
21,655,1,1
136,655,1,1
50,655,1,1
161,655,1,1
17,655,1,1
120,655,1,1
15,655,1,1
35,519,0,1
70,519,1,1
22,519,1,1
21,519,1,1
136,519,0,1
50,519,1,1
161,519,0,1
17,519,1,1
120,519,1,1
15,519,1,1
35,636,0,1
70,636,1,1
22,636,1,1
21,636,1,1
136,636,1,1
50,636,1,1
161,636,1,1
17,636,1,1
120,636,0,1
15,636,1,1
81,647,0,0
9,647,0,0
136,647,0,0
161,647,1,0
148,647,0,0
157,647,0,0
15,647,1,0
1,647,1,0
54,647,0,0
45,647,1,0
81,697,0,0
9,697,0,0
136,697,0,0
161,697,1,0
148,697,0,0
157,697,0,0
15,697,1,0
1,697,1,0
54,697,0,0
45,697,1,0
81,552,1,1
9,552,1,1
136,552,1,1
161,552,0,1
148,552,1,1
157,552,1,1
15,552,1,1
1,552,1,1
54,552,1,1
45,552,1,1
81,550,1,1
9,550,1,1
136,550,1,1
161,550,1,1
148,550,1,1
157,550,1,1
15,550,1,1
1,550,1,1
54,550,1,1
45,550,1,1
81,571,1,1
9,571,1,1
136,571,1,1
161,571,1,1
148,571,1,1
157,571,1,1
15,571,0,1
1,571,1,1
54,571,1,1
45,571,1,1
81,629,0,0
9,629,0,0
136,629,0,0
161,629,1,0
148,629,0,0
157,629,0,0
15,629,1,0
1,629,1,0
54,629,0,0
45,629,1,0
81,530,0,1
9,530,0,1
136,530,1,1
161,530,0,1
148,530,1,1
157,530,1,1
15,530,1,1
1,530,1,1
54,530,1,1
45,530,0,1
81,562,0,0
9,562,0,0
136,562,0,0
161,562,0,0
148,562,0,0
157,562,0,0
15,562,1,0
1,562,1,0
54,562,0,0
45,562,1,0
81,628,1,1
9,628,1,1
136,628,1,1
161,628,1,1
148,628,1,1
157,628,1,1
15,628,0,1
1,628,0,1
54,628,1,1
45,628,0,1
81,551,0,0
9,551,0,0
136,551,0,0
161,551,1,0
148,551,0,0
157,551,0,0
15,551,1,0
1,551,1,0
54,551,0,0
45,551,1,0
81,642,1,1
9,642,1,1
136,642,1,1
161,642,1,1
148,642,1,1
157,642,1,1
15,642,0,1
1,642,1,1
54,642,1,1
45,642,1,1
81,557,0,0
9,557,0,0
136,557,0,0
161,557,0,0
148,557,0,0
157,557,0,0
15,557,1,0
1,557,1,0
54,557,0,0
45,557,1,0
81,700,0,0
9,700,0,0
136,700,0,0
161,700,1,0
148,700,0,0
157,700,0,0
15,700,0,0
1,700,1,0
54,700,0,0
45,700,1,0
81,670,1,1
9,670,1,1
136,670,1,1
161,670,0,1
148,670,1,1
157,670,1,1
15,670,1,1
1,670,1,1
54,670,1,1
45,670,0,1
81,526,1,1
9,526,1,1
136,526,1,1
161,526,1,1
148,526,1,1
157,526,1,1
15,526,1,1
1,526,1,1
54,526,1,1
45,526,0,1
81,650,1,1
9,650,1,1
136,650,1,1
161,650,0,1
148,650,1,1
157,650,1,1
15,650,1,1
1,650,1,1
54,650,0,1
45,650,0,1
81,644,0,0
9,644,0,0
136,644,0,0
161,644,1,0
148,644,0,0
157,644,0,0
15,644,1,0
1,644,1,0
54,644,0,0
45,644,1,0
81,632,1,1
9,632,1,1
136,632,1,1
161,632,1,1
148,632,1,1
157,632,0,1
15,632,1,1
1,632,1,1
54,632,1,1
45,632,0,1
81,665,0,0
9,665,0,0
136,665,1,0
161,665,1,0
148,665,0,0
157,665,0,0
15,665,1,0
1,665,0,0
54,665,0,0
45,665,0,0
81,539,0,1
9,539,0,1
136,539,1,1
161,539,1,1
148,539,0,1
157,539,0,1
15,539,1,1
1,539,1,1
54,539,0,1
45,539,1,1
9,573,1,1
155,573,1,1
16,573,1,1
159,573,1,1
2,573,0,1
15,573,1,1
139,573,1,1
60,573,1,1
1,573,1,1
5,573,1,1
161,572,1,0
157,572,0,0
64,572,0,0
15,572,1,0
160,572,0,0
1,572,1,0
45,572,1,0
137,572,0,0
49,572,0,0
136,572,0,0
161,542,1,0
157,542,0,0
64,542,0,0
15,542,1,0
160,542,0,0
1,542,1,0
45,542,0,0
137,542,0,0
49,542,0,0
136,542,0,0
161,630,1,1
157,630,1,1
64,630,1,1
15,630,1,1
160,630,1,1
1,630,0,1
45,630,0,1
137,630,1,1
49,630,1,1
136,630,1,1
161,631,1,0
157,631,0,0
64,631,0,0
15,631,0,0
160,631,0,0
1,631,1,0
45,631,1,0
137,631,0,0
49,631,0,0
136,631,1,0
161,518,0,1
157,518,1,1
64,518,1,1
15,518,1,1
160,518,1,1
1,518,1,1
45,518,1,1
137,518,1,1
49,518,1,1
136,518,1,1
161,578,1,1
157,578,1,1
64,578,1,1
15,578,1,1
160,578,1,1
1,578,1,1
45,578,1,1
137,578,1,1
49,578,1,1
136,578,0,1
161,652,1,0
157,652,0,0
64,652,0,0
15,652,1,0
160,652,0,0
1,652,0,0
45,652,0,0
137,652,0,0
49,652,0,0
136,652,0,0
161,659,1,1
157,659,1,1
64,659,0,1
15,659,0,1
160,659,1,1
1,659,1,1
45,659,1,1
137,659,1,1
49,659,1,1
136,659,1,1
161,577,1,1
157,577,1,1
64,577,1,1
15,577,0,1
160,577,0,1
1,577,0,1
45,577,0,1
137,577,0,1
49,577,1,1
136,577,1,1
161,663,0,1
157,663,1,1
64,663,1,1
15,663,1,1
160,663,1,1
1,663,0,1
45,663,1,1
137,663,1,1
49,663,1,1
136,663,1,1
161,529,1,0
157,529,0,0
64,529,0,0
15,529,0,0
160,529,0,0
1,529,0,0
45,529,1,0
137,529,0,0
49,529,0,0
136,529,0,0
161,664,1,1
157,664,1,1
64,664,1,1
15,664,1,1
160,664,1,1
1,664,1,1
45,664,1,1
137,664,1,1
49,664,1,1
136,664,1,1
161,560,0,0
157,560,0,0
64,560,0,0
15,560,0,0
160,560,0,0
1,560,0,0
45,560,0,0
137,560,0,0
49,560,0,0
136,560,0,0
161,657,1,0
157,657,0,0
64,657,0,0
15,657,0,0
160,657,0,0
1,657,1,0
45,657,1,0
137,657,0,0
49,657,0,0
136,657,0,0
161,635,1,0
157,635,0,0
64,635,0,0
15,635,1,0
160,635,0,0
1,635,1,0
45,635,1,0
137,635,0,0
49,635,0,0
136,635,0,0
161,701,1,0
157,701,0,0
64,701,0,0
15,701,1,0
160,701,0,0
1,701,1,0
45,701,1,0
137,701,0,0
49,701,1,0
136,701,0,0
161,536,1,0
157,536,0,0
64,536,0,0
15,536,1,0
160,536,0,0
1,536,0,0
45,536,1,0
137,536,0,0
49,536,0,0
136,536,0,0
161,661,1,1
157,661,1,1
64,661,1,1
15,661,0,1
160,661,1,1
1,661,0,1
45,661,1,1
137,661,1,1
49,661,1,1
136,661,1,1
141,116,0,0
59,116,0,0
161,116,1,0
72,116,0,0
32,116,0,0
93,116,0,0
15,116,1,0
1,116,1,0
45,116,1,0
10,116,0,0
141,544,0,0
59,544,0,0
161,544,1,0
72,544,0,0
32,544,0,0
93,544,0,0
15,544,0,0
1,544,1,0
45,544,0,0
10,544,0,0
141,569,0,0
59,569,0,0
161,569,1,0
72,569,0,0
32,569,0,0
93,569,0,0
15,569,1,0
1,569,1,0
45,569,1,0
10,569,0,0
141,785,0,0
59,785,0,0
161,785,0,0
72,785,0,0
32,785,0,0
93,785,0,0
15,785,1,0
1,785,1,0
45,785,0,0
10,785,0,0
141,411,0,0
59,411,0,0
161,411,0,0
72,411,0,0
32,411,0,0
93,411,0,0
15,411,1,0
1,411,0,0
45,411,0,0
10,411,0,0
141,548,0,0
59,548,0,0
161,548,0,0
72,548,0,0
32,548,0,0
93,548,0,0
15,548,1,0
1,548,0,0
45,548,1,0
10,548,0,0
141,752,0,0
59,752,0,0
161,752,1,0
72,752,0,0
32,752,0,0
93,752,0,0
15,752,1,0
1,752,1,0
45,752,0,0
10,752,0,0
141,579,1,1
59,579,1,1
161,579,1,1
72,579,1,1
32,579,1,1
93,579,1,1
15,579,1,1
1,579,1,1
45,579,0,1
10,579,1,1
141,553,0,0
59,553,0,0
161,553,1,0
72,553,0,0
32,553,0,0
93,553,0,0
15,553,1,0
1,553,1,0
45,553,1,0
10,553,0,0
141,698,0,0
59,698,0,0
161,698,1,0
72,698,0,0
32,698,0,0
93,698,0,0
15,698,1,0
1,698,1,0
45,698,1,0
10,698,0,0
141,634,1,1
59,634,1,1
161,634,1,1
72,634,1,1
32,634,1,1
93,634,1,1
15,634,1,1
1,634,1,1
45,634,1,1
10,634,1,1
141,541,0,1
59,541,0,1
161,541,1,1
72,541,1,1
32,541,0,1
93,541,0,1
15,541,1,1
1,541,1,1
45,541,1,1
10,541,0,1
141,525,0,0
59,525,1,0
161,525,0,0
72,525,1,0
32,525,0,0
93,525,0,0
15,525,1,0
1,525,1,0
45,525,1,0
10,525,1,0
141,639,0,0
59,639,0,0
161,639,1,0
72,639,0,0
32,639,0,0
93,639,0,0
15,639,1,0
1,639,1,0
45,639,1,0
10,639,0,0
141,575,1,1
59,575,1,1
161,575,1,1
72,575,1,1
32,575,1,1
93,575,1,1
15,575,1,1
1,575,1,1
45,575,1,1
10,575,1,1
141,796,0,0
59,796,1,0
161,796,1,0
72,796,0,0
32,796,0,0
93,796,0,0
15,796,1,0
1,796,1,0
45,796,1,0
10,796,0,0
141,587,0,0
59,587,0,0
161,587,1,0
72,587,0,0
32,587,0,0
93,587,0,0
15,587,1,0
1,587,1,0
45,587,1,0
10,587,0,0
141,396,0,0
59,396,1,0
161,396,1,0
72,396,0,0
32,396,0,0
93,396,0,0
15,396,1,0
1,396,0,0
45,396,0,0
10,396,0,0
141,640,1,1
59,640,1,1
161,640,1,1
72,640,1,1
32,640,1,1
93,640,1,1
15,640,0,1
1,640,0,1
45,640,0,1
10,640,1,1
141,613,0,0
59,613,0,0
161,613,1,0
72,613,0,0
32,613,0,0
93,613,0,0
15,613,1,0
1,613,1,0
45,613,1,0
10,613,0,0
18,145,1,1
9,145,1,1
37,145,1,1
125,145,0,1
161,145,1,1
45,145,1,1
15,145,1,1
103,145,0,1
136,145,1,1
1,145,1,1
18,90,1,1
9,90,1,1
37,90,1,1
125,90,1,1
161,90,1,1
45,90,1,1
15,90,1,1
103,90,0,1
136,90,0,1
1,90,1,1
18,165,0,0
9,165,0,0
37,165,0,0
125,165,0,0
161,165,0,0
45,165,1,0
15,165,1,0
103,165,0,0
136,165,0,0
1,165,1,0
18,98,1,1
9,98,1,1
37,98,1,1
125,98,1,1
161,98,1,1
45,98,1,1
15,98,1,1
103,98,1,1
136,98,0,1
1,98,1,1
18,119,1,1
9,119,1,1
37,119,1,1
125,119,1,1
161,119,1,1
45,119,1,1
15,119,1,1
103,119,1,1
136,119,1,1
1,119,1,1
18,162,0,0
9,162,0,0
37,162,0,0
125,162,0,0
161,162,0,0
45,162,1,0
15,162,1,0
103,162,0,0
136,162,0,0
1,162,1,0
18,132,1,0
9,132,0,0
37,132,0,0
125,132,0,0
161,132,0,0
45,132,1,0
15,132,1,0
103,132,0,0
136,132,0,0
1,132,1,0
18,392,0,0
9,392,0,0
37,392,0,0
125,392,0,0
161,392,0,0
45,392,1,0
15,392,1,0
103,392,0,0
136,392,0,0
1,392,1,0
18,86,1,1
9,86,1,1
37,86,1,1
125,86,0,1
161,86,1,1
45,86,1,1
15,86,1,1
103,86,0,1
136,86,1,1
1,86,1,1
18,122,1,1
9,122,0,1
37,122,1,1
125,122,1,1
161,122,1,1
45,122,1,1
15,122,0,1
103,122,1,1
136,122,1,1
1,122,1,1
18,141,1,1
9,141,1,1
37,141,1,1
125,141,0,1
161,141,1,1
45,141,1,1
15,141,1,1
103,141,1,1
136,141,1,1
1,141,0,1
18,89,0,0
9,89,0,0
37,89,0,0
125,89,0,0
161,89,1,0
45,89,1,0
15,89,1,0
103,89,0,0
136,89,0,0
1,89,0,0
18,93,0,0
9,93,0,0
37,93,0,0
125,93,0,0
161,93,0,0
45,93,1,0
15,93,1,0
103,93,0,0
136,93,0,0
1,93,0,0
18,403,1,0
9,403,1,0
37,403,0,0
125,403,0,0
161,403,0,0
45,403,0,0
15,403,1,0
103,403,0,0
136,403,0,0
1,403,1,0
18,82,0,1
9,82,1,1
37,82,1,1
125,82,1,1
161,82,0,1
45,82,1,1
15,82,0,1
103,82,1,1
136,82,1,1
1,82,1,1
18,616,0,0
9,616,0,0
37,616,0,0
125,616,0,0
161,616,1,0
45,616,1,0
15,616,0,0
103,616,0,0
136,616,0,0
1,616,1,0
18,149,1,1
9,149,1,1
37,149,1,1
125,149,0,1
161,149,1,1
45,149,1,1
15,149,1,1
103,149,1,1
136,149,1,1
1,149,1,1
18,163,1,1
9,163,1,1
37,163,1,1
125,163,1,1
161,163,0,1
45,163,1,1
15,163,1,1
103,163,1,1
136,163,1,1
1,163,1,1
18,127,1,1
9,127,1,1
37,127,1,1
125,127,1,1
161,127,1,1
45,127,1,1
15,127,0,1
103,127,1,1
136,127,1,1
1,127,0,1
18,143,1,1
9,143,1,1
37,143,1,1
125,143,1,1
161,143,0,1
45,143,1,1
15,143,0,1
103,143,0,1
136,143,1,1
1,143,1,1
31,164,1,1
161,164,1,1
139,164,1,1
13,164,1,1
15,164,1,1
3,164,1,1
44,164,1,1
1,164,1,1
106,164,1,1
127,164,0,1
31,131,1,1
161,131,0,1
139,131,1,1
13,131,0,1
15,131,1,1
3,131,1,1
44,131,1,1
1,131,0,1
106,131,0,1
127,131,1,1
31,140,0,0
161,140,1,0
139,140,0,0
13,140,1,0
15,140,1,0
3,140,0,0
44,140,0,0
1,140,1,0
106,140,0,0
127,140,0,0
31,118,1,1
161,118,1,1
139,118,0,1
13,118,1,1
15,118,1,1
3,118,1,1
44,118,1,1
1,118,1,1
106,118,1,1
127,118,1,1
31,791,0,0
161,791,0,0
139,791,0,0
13,791,0,0
15,791,1,0
3,791,0,0
44,791,0,0
1,791,0,0
106,791,0,0
127,791,0,0
31,794,0,0
161,794,0,0
139,794,0,0
13,794,0,0
15,794,0,0
3,794,0,0
44,794,0,0
1,794,0,0
106,794,0,0
127,794,0,0
31,99,0,1
161,99,1,1
139,99,1,1
13,99,1,1
15,99,1,1
3,99,1,1
44,99,1,1
1,99,1,1
106,99,1,1
127,99,1,1
31,793,0,0
161,793,0,0
139,793,0,0
13,793,0,0
15,793,1,0
3,793,0,0
44,793,0,0
1,793,1,0
106,793,0,0
127,793,0,0
31,764,0,0
161,764,0,0
139,764,0,0
13,764,0,0
15,764,1,0
3,764,1,0
44,764,1,0
1,764,1,0
106,764,0,0
127,764,1,0
31,780,0,0
161,780,0,0
139,780,0,0
13,780,0,0
15,780,1,0
3,780,0,0
44,780,0,0
1,780,0,0
106,780,0,0
127,780,0,0
31,103,1,1
161,103,0,1
139,103,1,1
13,103,1,1
15,103,1,1
3,103,1,1
44,103,1,1
1,103,1,1
106,103,0,1
127,103,0,1
31,580,0,0
161,580,0,0
139,580,0,0
13,580,0,0
15,580,1,0
3,580,0,0
44,580,0,0
1,580,1,0
106,580,0,0
127,580,0,0
31,409,1,1
161,409,0,1
139,409,0,1
13,409,1,1
15,409,1,1
3,409,1,1
44,409,1,1
1,409,0,1
106,409,1,1
127,409,1,1
31,615,0,0
161,615,0,0
139,615,0,0
13,615,0,0
15,615,1,0
3,615,0,0
44,615,0,0
1,615,1,0
106,615,0,0
127,615,0,0
31,402,1,1
161,402,1,1
139,402,0,1
13,402,1,1
15,402,1,1
3,402,1,1
44,402,1,1
1,402,1,1
106,402,1,1
127,402,1,1
31,104,1,1
161,104,1,1
139,104,1,1
13,104,1,1
15,104,1,1
3,104,1,1
44,104,1,1
1,104,1,1
106,104,1,1
127,104,1,1
31,159,1,1
161,159,1,1
139,159,0,1
13,159,1,1
15,159,0,1
3,159,1,1
44,159,1,1
1,159,0,1
106,159,1,1
127,159,1,1
31,135,0,0
161,135,1,0
139,135,0,0
13,135,0,0
15,135,1,0
3,135,0,0
44,135,0,0
1,135,1,0
106,135,0,0
127,135,0,0
31,158,1,1
161,158,1,1
139,158,1,1
13,158,1,1
15,158,1,1
3,158,1,1
44,158,1,1
1,158,1,1
106,158,1,1
127,158,1,1
31,795,0,0
161,795,0,0
139,795,0,0
13,795,1,0
15,795,0,0
3,795,0,0
44,795,0,0
1,795,0,0
106,795,0,0
127,795,0,0
162,762,0,0
9,762,0,0
134,762,0,0
143,762,0,0
151,762,0,0
142,762,0,0
15,762,0,0
83,762,0,0
1,762,1,0
45,762,1,0
162,146,1,1
9,146,1,1
134,146,0,1
143,146,1,1
151,146,1,1
142,146,1,1
15,146,1,1
83,146,0,1
1,146,1,1
45,146,1,1
162,157,0,1
9,157,1,1
134,157,0,1
143,157,1,1
151,157,1,1
142,157,1,1
15,157,1,1
83,157,0,1
1,157,1,1
45,157,1,1
162,123,0,0
9,123,0,0
134,123,0,0
143,123,0,0
151,123,0,0
142,123,0,0
15,123,1,0
83,123,0,0
1,123,1,0
45,123,1,0
162,401,1,0
9,401,0,0
134,401,0,0
143,401,0,0
151,401,0,0
142,401,0,0
15,401,1,0
83,401,0,0
1,401,1,0
45,401,1,0
162,619,1,1
9,619,1,1
134,619,1,1
143,619,1,1
151,619,0,1
142,619,1,1
15,619,1,1
83,619,0,1
1,619,1,1
45,619,1,1
162,782,0,0
9,782,0,0
134,782,0,0
143,782,0,0
151,782,0,0
142,782,0,0
15,782,1,0
83,782,0,0
1,782,1,0
45,782,1,0
162,787,1,0
9,787,0,0
134,787,0,0
143,787,0,0
151,787,0,0
142,787,0,0
15,787,1,0
83,787,0,0
1,787,1,0
45,787,1,0
162,147,1,1
9,147,1,1
134,147,1,1
143,147,1,1
151,147,1,1
142,147,1,1
15,147,1,1
83,147,1,1
1,147,0,1
45,147,0,1
162,133,1,1
9,133,1,1
134,133,1,1
143,133,1,1
151,133,1,1
142,133,1,1
15,133,1,1
83,133,0,1
1,133,1,1
45,133,0,1
162,114,1,1
9,114,1,1
134,114,0,1
143,114,0,1
151,114,1,1
142,114,0,1
15,114,0,1
83,114,0,1
1,114,1,1
45,114,0,1
162,151,0,1
9,151,1,1
134,151,1,1
143,151,1,1
151,151,0,1
142,151,1,1
15,151,1,1
83,151,0,1
1,151,0,1
45,151,1,1
162,154,0,1
9,154,1,1
134,154,1,1
143,154,1,1
151,154,0,1
142,154,1,1
15,154,1,1
83,154,0,1
1,154,1,1
45,154,0,1
162,621,0,0
9,621,0,0
134,621,0,0
143,621,0,0
151,621,0,0
142,621,0,0
15,621,0,0
83,621,0,0
1,621,1,0
45,621,1,0
162,130,0,0
9,130,0,0
134,130,0,0
143,130,0,0
151,130,0,0
142,130,0,0
15,130,0,0
83,130,0,0
1,130,1,0
45,130,0,0
162,781,0,0
9,781,0,0
134,781,0,0
143,781,0,0
151,781,0,0
142,781,0,0
15,781,0,0
83,781,0,0
1,781,1,0
45,781,0,0
162,92,0,1
9,92,0,1
134,92,0,1
143,92,1,1
151,92,0,1
142,92,1,1
15,92,1,1
83,92,0,1
1,92,1,1
45,92,0,1
56,73,1,1
9,73,1,1
161,73,0,1
64,73,0,1
136,73,1,1
15,73,0,1
1,73,0,1
45,73,1,1
47,73,1,1
43,73,1,1
56,483,0,0
9,483,0,0
161,483,0,0
64,483,0,0
136,483,0,0
15,483,1,0
1,483,1,0
45,483,1,0
47,483,0,0
43,483,0,0
56,492,0,0
9,492,0,0
161,492,0,0
64,492,0,0
136,492,0,0
15,492,1,0
1,492,1,0
45,492,0,0
47,492,0,0
43,492,0,0
56,439,0,0
9,439,0,0
161,439,0,0
64,439,0,0
136,439,1,0
15,439,0,0
1,439,1,0
45,439,1,0
47,439,0,0
43,439,0,0
56,451,1,1
9,451,1,1
161,451,1,1
64,451,1,1
136,451,1,1
15,451,0,1
1,451,1,1
45,451,1,1
47,451,1,1
43,451,1,1
56,720,0,0
9,720,0,0
161,720,0,0
64,720,0,0
136,720,0,0
15,720,1,0
1,720,1,0
45,720,0,0
47,720,0,0
43,720,0,0
56,77,1,1
9,77,1,1
161,77,0,1
64,77,0,1
136,77,1,1
15,77,0,1
1,77,0,1
45,77,1,1
47,77,1,1
43,77,1,1
56,736,0,0
9,736,0,0
161,736,0,0
64,736,0,0
136,736,0,0
15,736,1,0
1,736,1,0
45,736,0,0
47,736,0,0
43,736,0,0
56,503,1,1
9,503,1,1
161,503,1,1
64,503,1,1
136,503,1,1
15,503,1,1
1,503,1,1
45,503,1,1
47,503,1,1
43,503,1,1
56,465,0,1
9,465,1,1
161,465,0,1
64,465,1,1
136,465,1,1
15,465,1,1
1,465,1,1
45,465,1,1
47,465,1,1
43,465,0,1
56,504,1,1
9,504,1,1
161,504,0,1
64,504,1,1
136,504,1,1
15,504,1,1
1,504,1,1
45,504,1,1
47,504,1,1
43,504,1,1
56,484,0,1
9,484,1,1
161,484,0,1
64,484,0,1
136,484,1,1
15,484,1,1
1,484,0,1
45,484,1,1
47,484,0,1
43,484,0,1
56,501,0,1
9,501,1,1
161,501,0,1
64,501,1,1
136,501,0,1
15,501,1,1
1,501,1,1
45,501,1,1
47,501,1,1
43,501,0,1
56,738,0,0
9,738,0,0
161,738,0,0
64,738,0,0
136,738,0,0
15,738,1,0
1,738,1,0
45,738,1,0
47,738,0,0
43,738,0,0
56,490,1,1
9,490,1,1
161,490,1,1
64,490,0,1
136,490,1,1
15,490,1,1
1,490,0,1
45,490,0,1
47,490,0,1
43,490,1,1
56,435,1,1
9,435,1,1
161,435,0,1
64,435,1,1
136,435,1,1
15,435,0,1
1,435,1,1
45,435,1,1
47,435,0,1
43,435,0,1
56,735,0,0
9,735,0,0
161,735,0,0
64,735,0,0
136,735,0,0
15,735,1,0
1,735,1,0
45,735,1,0
47,735,0,0
43,735,0,0
60,497,1,1
125,497,1,1
161,497,0,1
15,497,0,1
42,497,1,1
89,497,1,1
1,497,1,1
45,497,0,1
33,497,1,1
85,497,0,1
60,513,1,1
125,513,0,1
161,513,1,1
15,513,1,1
42,513,1,1
89,513,1,1
1,513,1,1
45,513,1,1
33,513,1,1
85,513,1,1
60,500,1,1
125,500,1,1
161,500,1,1
15,500,0,1
42,500,1,1
89,500,0,1
1,500,1,1
45,500,1,1
33,500,0,1
85,500,0,1
60,460,0,1
125,460,1,1
161,460,1,1
15,460,1,1
42,460,1,1
89,460,1,1
1,460,1,1
45,460,1,1
33,460,1,1
85,460,1,1
60,463,0,0
125,463,0,0
161,463,1,0
15,463,0,0
42,463,0,0
89,463,0,0
1,463,0,0
45,463,1,0
33,463,0,0
85,463,0,0
60,724,0,0
125,724,0,0
161,724,0,0
15,724,1,0
42,724,1,0
89,724,1,0
1,724,1,0
45,724,0,0
33,724,0,0
85,724,0,0
60,511,0,0
125,511,0,0
161,511,0,0
15,511,1,0
42,511,0,0
89,511,0,0
1,511,1,0
45,511,0,0
33,511,0,0
85,511,1,0
60,488,1,1
125,488,1,1
161,488,0,1
15,488,1,1
42,488,1,1
89,488,1,1
1,488,1,1
45,488,1,1
33,488,0,1
85,488,0,1
60,746,0,0
125,746,0,0
161,746,1,0
15,746,1,0
42,746,0,0
89,746,0,0
1,746,1,0
45,746,0,0
33,746,0,0
85,746,1,0
60,445,1,1
125,445,1,1
161,445,0,1
15,445,1,1
42,445,1,1
89,445,0,1
1,445,0,1
45,445,1,1
33,445,1,1
85,445,0,1
60,81,1,1
125,81,1,1
161,81,1,1
15,81,0,1
42,81,0,1
89,81,1,1
1,81,1,1
45,81,0,1
33,81,1,1
85,81,1,1
60,749,1,0
125,749,1,0
161,749,0,0
15,749,1,0
42,749,1,0
89,749,1,0
1,749,1,0
45,749,1,0
33,749,1,0
85,749,1,0
60,78,1,1
125,78,0,1
161,78,1,1
15,78,1,1
42,78,1,1
89,78,0,1
1,78,1,1
45,78,1,1
33,78,1,1
85,78,1,1
60,730,1,0
125,730,0,0
161,730,0,0
15,730,1,0
42,730,0,0
89,730,0,0
1,730,0,0
45,730,0,0
33,730,0,0
85,730,0,0
161,449,1,0
16,449,0,0
61,449,0,0
136,449,0,0
15,449,1,0
13,449,0,0
1,449,1,0
45,449,1,0
25,449,0,0
58,449,0,0
161,743,1,0
16,743,0,0
61,743,0,0
136,743,0,0
15,743,1,0
13,743,0,0
1,743,1,0
45,743,1,0
25,743,0,0
58,743,1,0
161,482,1,0
16,482,0,0
61,482,0,0
136,482,0,0
15,482,1,0
13,482,0,0
1,482,1,0
45,482,1,0
25,482,0,0
58,482,0,0
161,479,1,1
16,479,1,1
61,479,1,1
136,479,1,1
15,479,0,1
13,479,0,1
1,479,1,1
45,479,1,1
25,479,1,1
58,479,1,1
161,472,1,1
16,472,1,1
61,472,1,1
136,472,1,1
15,472,1,1
13,472,1,1
1,472,1,1
45,472,0,1
25,472,1,1
58,472,1,1
161,508,0,1
16,508,1,1
61,508,1,1
136,508,0,1
15,508,0,1
13,508,1,1
1,508,1,1
45,508,1,1
25,508,0,1
58,508,0,1
161,431,1,1
16,431,1,1
61,431,0,1
136,431,0,1
15,431,1,1
13,431,1,1
1,431,0,1
45,431,1,1
25,431,1,1
58,431,0,1
161,80,0,0
16,80,0,0
61,80,0,0
136,80,0,0
15,80,1,0
13,80,0,0
1,80,1,0
45,80,0,0
25,80,0,0
58,80,0,0
161,75,1,1
16,75,1,1
61,75,1,1
136,75,1,1
15,75,1,1
13,75,1,1
1,75,1,1
45,75,0,1
25,75,1,1
58,75,1,1
161,717,1,0
16,717,1,0
61,717,0,0
136,717,0,0
15,717,1,0
13,717,0,0
1,717,0,0
45,717,1,0
25,717,0,0
58,717,1,0
161,510,0,0
16,510,0,0
61,510,0,0
136,510,0,0
15,510,0,0
13,510,0,0
1,510,1,0
45,510,1,0
25,510,0,0
58,510,0,0
161,715,1,0
16,715,1,0
61,715,1,0
136,715,1,0
15,715,0,0
13,715,1,0
1,715,1,0
45,715,1,0
25,715,0,0
58,715,1,0
8,505,0,0
130,505,0,0
161,505,0,0
77,505,0,0
115,505,0,0
15,505,0,0
1,505,1,0
45,505,1,0
133,505,0,0
49,505,0,0
8,499,1,1
130,499,1,1
161,499,1,1
77,499,1,1
115,499,0,1
15,499,1,1
1,499,0,1
45,499,1,1
133,499,1,1
49,499,1,1
8,476,1,1
130,476,1,1
161,476,1,1
77,476,1,1
115,476,1,1
15,476,1,1
1,476,1,1
45,476,1,1
133,476,1,1
49,476,1,1
8,464,0,1
130,464,0,1
161,464,1,1
77,464,1,1
115,464,0,1
15,464,1,1
1,464,1,1
45,464,1,1
133,464,0,1
49,464,1,1
8,443,1,1
130,443,1,1
161,443,1,1
77,443,1,1
115,443,1,1
15,443,1,1
1,443,0,1
45,443,1,1
133,443,0,1
49,443,0,1
8,748,0,0
130,748,0,0
161,748,1,0
77,748,0,0
115,748,1,0
15,748,1,0
1,748,1,0
45,748,1,0
133,748,0,0
49,748,1,0
8,469,1,1
130,469,1,1
161,469,0,1
77,469,1,1
115,469,0,1
15,469,1,1
1,469,1,1
45,469,1,1
133,469,1,1
49,469,1,1
8,481,1,1
130,481,1,1
161,481,0,1
77,481,1,1
115,481,0,1
15,481,1,1
1,481,1,1
45,481,0,1
133,481,1,1
49,481,1,1
8,474,1,1
130,474,1,1
161,474,1,1
77,474,1,1
115,474,0,1
15,474,1,1
1,474,0,1
45,474,0,1
133,474,0,1
49,474,1,1
8,728,0,0
130,728,0,0
161,728,1,0
77,728,0,0
115,728,1,0
15,728,1,0
1,728,1,0
45,728,1,0
133,728,0,0
49,728,0,0
8,751,0,0
130,751,0,0
161,751,1,0
77,751,0,0
115,751,0,0
15,751,0,0
1,751,1,0
45,751,0,0
133,751,0,0
49,751,0,0
8,455,0,1
130,455,0,1
161,455,1,1
77,455,1,1
115,455,1,1
15,455,1,1
1,455,0,1
45,455,1,1
133,455,1,1
49,455,0,1
8,475,1,1
130,475,0,1
161,475,0,1
77,475,1,1
115,475,1,1
15,475,1,1
1,475,1,1
45,475,1,1
133,475,1,1
49,475,1,1
8,489,1,1
130,489,1,1
161,489,0,1
77,489,1,1
115,489,1,1
15,489,1,1
1,489,1,1
45,489,1,1
133,489,1,1
49,489,1,1
8,433,1,1
130,433,1,1
161,433,1,1
77,433,1,1
115,433,1,1
15,433,1,1
1,433,0,1
45,433,1,1
133,433,1,1
49,433,1,1
8,509,1,1
130,509,1,1
161,509,0,1
77,509,1,1
115,509,1,1
15,509,1,1
1,509,1,1
45,509,1,1
133,509,0,1
49,509,1,1
8,495,0,1
130,495,1,1
161,495,0,1
77,495,1,1
115,495,0,1
15,495,1,1
1,495,1,1
45,495,1,1
133,495,1,1
49,495,1,1
8,732,0,0
130,732,0,0
161,732,1,0
77,732,0,0
115,732,1,0
15,732,1,0
1,732,1,0
45,732,0,0
133,732,0,0
49,732,0,0
8,447,0,0
130,447,0,0
161,447,1,0
77,447,0,0
115,447,1,0
15,447,1,0
1,447,1,0
45,447,1,0
133,447,1,0
49,447,0,0
8,491,1,1
130,491,1,1
161,491,1,1
77,491,1,1
115,491,1,1
15,491,1,1
1,491,1,1
45,491,0,1
133,491,1,1
49,491,1,1
8,429,1,1
52,429,1,1
104,429,1,1
161,429,0,1
57,429,0,1
15,429,1,1
111,429,1,1
1,429,1,1
45,429,1,1
149,429,1,1
8,716,0,0
52,716,0,0
104,716,0,0
161,716,0,0
57,716,0,0
15,716,1,0
111,716,1,0
1,716,1,0
45,716,0,0
149,716,0,0
8,498,0,1
52,498,0,1
104,498,0,1
161,498,0,1
57,498,1,1
15,498,1,1
111,498,0,1
1,498,1,1
45,498,1,1
149,498,1,1
8,458,1,1
52,458,1,1
104,458,1,1
161,458,1,1
57,458,0,1
15,458,1,1
111,458,1,1
1,458,0,1
45,458,1,1
149,458,1,1
8,515,1,1
52,515,1,1
104,515,1,1
161,515,1,1
57,515,0,1
15,515,0,1
111,515,1,1
1,515,1,1
45,515,1,1
149,515,1,1
8,686,0,0
52,686,0,0
104,686,0,0
161,686,1,0
57,686,0,0
15,686,1,0
111,686,0,0
1,686,1,0
45,686,1,0
149,686,0,0
8,452,0,0
52,452,0,0
104,452,0,0
161,452,0,0
57,452,0,0
15,452,1,0
111,452,0,0
1,452,1,0
45,452,0,0
149,452,1,0
8,419,1,1
52,419,0,1
104,419,1,1
161,419,1,1
57,419,1,1
15,419,1,1
111,419,1,1
1,419,1,1
45,419,1,1
149,419,1,1
8,726,1,0
52,726,0,0
104,726,0,0
161,726,1,0
57,726,0,0
15,726,1,0
111,726,0,0
1,726,1,0
45,726,0,0
149,726,0,0
8,696,1,1
52,696,1,1
104,696,1,1
161,696,1,1
57,696,0,1
15,696,1,1
111,696,1,1
1,696,1,1
45,696,1,1
149,696,1,1
8,727,0,0
52,727,0,0
104,727,0,0
161,727,1,0
57,727,0,0
15,727,0,0
111,727,0,0
1,727,1,0
45,727,0,0
149,727,0,0
8,725,0,0
52,725,0,0
104,725,0,0
161,725,0,0
57,725,0,0
15,725,1,0
111,725,0,0
1,725,0,0
45,725,0,0
149,725,0,0
8,388,0,0
52,388,0,0
104,388,0,0
161,388,0,0
57,388,0,0
15,388,1,0
111,388,1,0
1,388,1,0
45,388,1,0
149,388,1,0
8,420,0,0
52,420,0,0
104,420,0,0
161,420,1,0
57,420,0,0
15,420,1,0
111,420,0,0
1,420,1,0
45,420,1,0
149,420,0,0
8,440,1,1
52,440,1,1
104,440,1,1
161,440,1,1
57,440,0,1
15,440,1,1
111,440,1,1
1,440,1,1
45,440,1,1
149,440,1,1
8,423,0,0
52,423,0,0
104,423,0,0
161,423,0,0
57,423,0,0
15,423,1,0
111,423,0,0
1,423,1,0
45,423,0,0
149,423,0,0
8,681,1,1
52,681,1,1
104,681,1,1
161,681,1,1
57,681,1,1
15,681,1,1
111,681,1,1
1,681,0,1
45,681,0,1
149,681,1,1
8,461,0,1
52,461,1,1
104,461,0,1
161,461,0,1
57,461,0,1
15,461,1,1
111,461,1,1
1,461,1,1
45,461,0,1
149,461,1,1
8,467,0,0
52,467,0,0
104,467,0,0
161,467,0,0
57,467,0,0
15,467,1,0
111,467,0,0
1,467,1,0
45,467,0,0
149,467,0,0
8,722,0,0
52,722,0,0
104,722,0,0
161,722,1,0
57,722,0,0
15,722,1,0
111,722,0,0
1,722,1,0
45,722,0,0
149,722,0,0
146,424,1,1
34,424,1,1
161,424,1,1
53,424,1,1
60,424,1,1
15,424,1,1
1,424,1,1
45,424,1,1
99,424,1,1
117,424,1,1
146,685,0,0
34,685,0,0
161,685,1,0
53,685,0,0
60,685,0,0
15,685,1,0
1,685,0,0
45,685,1,0
99,685,1,0
117,685,0,0
146,690,1,1
34,690,1,1
161,690,1,1
53,690,1,1
60,690,1,1
15,690,1,1
1,690,0,1
45,690,1,1
99,690,1,1
117,690,1,1
146,67,1,1
34,67,0,1
161,67,1,1
53,67,0,1
60,67,1,1
15,67,1,1
1,67,0,1
45,67,1,1
99,67,1,1
117,67,0,1
146,675,1,0
34,675,1,0
161,675,0,0
53,675,1,0
60,675,0,0
15,675,0,0
1,675,1,0
45,675,0,0
99,675,1,0
117,675,1,0
146,682,1,1
34,682,1,1
161,682,0,1
53,682,1,1
60,682,1,1
15,682,0,1
1,682,1,1
45,682,1,1
99,682,1,1
117,682,1,1
146,428,1,1
34,428,1,1
161,428,1,1
53,428,1,1
60,428,1,1
15,428,1,1
1,428,1,1
45,428,1,1
99,428,1,1
117,428,1,1
146,684,1,1
34,684,1,1
161,684,1,1
53,684,1,1
60,684,1,1
15,684,1,1
1,684,1,1
45,684,0,1
99,684,1,1
117,684,1,1
146,69,0,0
34,69,0,0
161,69,0,0
53,69,0,0
60,69,0,0
15,69,0,0
1,69,1,0
45,69,1,0
99,69,1,0
117,69,0,0
146,72,0,0
34,72,0,0
161,72,0,0
53,72,0,0
60,72,0,0
15,72,1,0
1,72,0,0
45,72,0,0
99,72,1,0
117,72,0,0
146,673,1,0
34,673,0,0
161,673,1,0
53,673,0,0
60,673,0,0
15,673,1,0
1,673,1,0
45,673,1,0
99,673,0,0
117,673,0,0
146,427,0,0
34,427,0,0
161,427,1,0
53,427,0,0
60,427,0,0
15,427,1,0
1,427,1,0
45,427,1,0
99,427,1,0
117,427,0,0
146,66,1,1
34,66,1,1
161,66,1,1
53,66,1,1
60,66,1,1
15,66,0,1
1,66,1,1
45,66,0,1
99,66,1,1
117,66,1,1
146,426,0,0
34,426,0,0
161,426,1,0
53,426,0,0
60,426,0,0
15,426,1,0
1,426,1,0
45,426,0,0
99,426,0,0
117,426,0,0
146,671,0,0
34,671,0,0
161,671,0,0
53,671,0,0
60,671,0,0
15,671,1,0
1,671,1,0
45,671,1,0
99,671,0,0
117,671,0,0
146,3,1,1
34,3,1,1
161,3,1,1
53,3,1,1
60,3,1,1
15,3,1,1
1,3,0,1
45,3,1,1
99,3,1,1
117,3,1,1
146,687,1,1
34,687,1,1
161,687,1,1
53,687,1,1
60,687,1,1
15,687,1,1
1,687,1,1
45,687,1,1
99,687,1,1
117,687,1,1
146,676,1,1
34,676,1,1
161,676,1,1
53,676,1,1
60,676,1,1
15,676,1,1
1,676,1,1
45,676,1,1
99,676,1,1
117,676,1,1
146,418,1,1
34,418,1,1
161,418,1,1
53,418,0,1
60,418,1,1
15,418,1,1
1,418,1,1
45,418,1,1
99,418,1,1
117,418,1,1
146,679,0,0
34,679,0,0
161,679,1,0
53,679,0,0
60,679,0,0
15,679,1,0
1,679,0,0
45,679,1,0
99,679,1,0
117,679,0,0
161,677,1,0
136,677,0,0
45,677,0,0
148,677,0,0
94,677,0,0
15,677,1,0
87,677,0,0
139,677,0,0
1,677,1,0
78,677,0,0
161,674,1,0
136,674,0,0
45,674,1,0
148,674,0,0
94,674,0,0
15,674,1,0
87,674,0,0
139,674,0,0
1,674,1,0
78,674,1,0
161,734,1,1
136,734,1,1
45,734,0,1
148,734,1,1
94,734,1,1
15,734,1,1
87,734,1,1
139,734,1,1
1,734,1,1
78,734,1,1
161,2,0,1
136,2,1,1
45,2,1,1
148,2,0,1
94,2,0,1
15,2,1,1
87,2,0,1
139,2,0,1
1,2,1,1
78,2,0,1
161,693,1,0
136,693,0,0
45,693,0,0
148,693,0,0
94,693,0,0
15,693,0,0
87,693,0,0
139,693,0,0
1,693,1,0
78,693,0,0
9,545,0,0
155,545,0,0
16,545,0,0
159,545,0,0
2,545,1,0
15,545,1,0
139,545,0,0
60,545,0,0
1,545,0,0
5,545,0,0
9,658,1,1
155,658,1,1
16,658,1,1
159,658,1,1
2,658,1,1
15,658,1,1
139,658,1,1
60,658,1,1
1,658,1,1
5,658,1,1
9,534,0,1
155,534,1,1
16,534,1,1
159,534,1,1
2,534,1,1
15,534,0,1
139,534,1,1
60,534,1,1
1,534,0,1
5,534,0,1
9,668,0,1
155,668,1,1
16,668,1,1
159,668,0,1
2,668,1,1
15,668,1,1
139,668,0,1
60,668,1,1
1,668,1,1
5,668,0,1
9,576,0,0
155,576,0,0
16,576,1,0
159,576,0,0
2,576,1,0
15,576,1,0
139,576,0,0
60,576,0,0
1,576,1,0
5,576,0,0
9,538,1,0
155,538,1,0
16,538,0,0
159,538,1,0
2,538,1,0
15,538,1,0
139,538,1,0
60,538,1,0
1,538,0,0
5,538,0,0
9,527,0,0
155,527,0,0
16,527,1,0
159,527,0,0
2,527,1,0
15,527,0,0
139,527,0,0
60,527,0,0
1,527,1,0
5,527,0,0
9,567,0,0
155,567,0,0
16,567,0,0
159,567,0,0
2,567,1,0
15,567,1,0
139,567,0,0
60,567,0,0
1,567,1,0
5,567,0,0
9,627,1,1
155,627,1,1
16,627,1,1
159,627,1,1
2,627,0,1
15,627,1,1
139,627,1,1
60,627,1,1
1,627,0,1
5,627,1,1
9,555,1,1
155,555,1,1
16,555,1,1
159,555,1,1
2,555,1,1
15,555,0,1
139,555,1,1
60,555,1,1
1,555,1,1
5,555,1,1
9,563,0,0
155,563,0,0
16,563,0,0
159,563,0,0
2,563,0,0
15,563,0,0
139,563,0,0
60,563,0,0
1,563,1,0
5,563,0,0
9,556,0,0
155,556,0,0
16,556,0,0
159,556,0,0
2,556,1,0
15,556,1,0
139,556,0,0
60,556,0,0
1,556,0,0
5,556,0,0
9,522,1,1
155,522,1,1
16,522,1,1
159,522,1,1
2,522,1,1
15,522,0,1
139,522,1,1
60,522,1,1
1,522,1,1
5,522,1,1
9,666,1,1
155,666,1,1
16,666,0,1
159,666,0,1
2,666,0,1
15,666,0,1
139,666,1,1
60,666,1,1
1,666,1,1
5,666,1,1
9,520,0,0
155,520,1,0
16,520,1,0
159,520,0,0
2,520,1,0
15,520,1,0
139,520,0,0
60,520,0,0
1,520,1,0
5,520,0,0
9,532,0,1
155,532,1,1
16,532,1,1
159,532,0,1
2,532,1,1
15,532,1,1
139,532,0,1
60,532,1,1
1,532,1,1
5,532,1,1
9,667,1,1
155,667,1,1
16,667,1,1
159,667,1,1
2,667,1,1
15,667,1,1
139,667,1,1
60,667,1,1
1,667,1,1
5,667,1,1
9,540,1,1
155,540,1,1
16,540,0,1
159,540,1,1
2,540,1,1
15,540,0,1
139,540,1,1
60,540,1,1
1,540,1,1
5,540,1,1
9,558,1,1
155,558,1,1
16,558,1,1
159,558,1,1
2,558,0,1
15,558,1,1
139,558,1,1
60,558,1,1
1,558,1,1
5,558,1,1
161,523,1,1
157,523,1,1
64,523,0,1
15,523,0,1
160,523,1,1
1,523,1,1
45,523,0,1
137,523,1,1
49,523,0,1
136,523,1,1
161,549,1,1
157,549,1,1
64,549,1,1
15,549,1,1
160,549,1,1
1,549,1,1
45,549,1,1
137,549,0,1
49,549,1,1
136,549,1,1
161,26,1,1
95,26,1,1
136,26,1,1
157,26,1,1
13,26,1,1
15,26,1,1
104,26,1,1
71,26,1,1
150,26,1,1
138,26,1,1
161,221,1,1
95,221,1,1
136,221,1,1
157,221,1,1
13,221,1,1
15,221,1,1
104,221,1,1
71,221,1,1
150,221,1,1
138,221,1,1
161,274,1,1
95,274,1,1
136,274,1,1
157,274,1,1
13,274,1,1
15,274,1,1
104,274,1,1
71,274,1,1
150,274,1,1
138,274,1,1
161,595,1,0
95,595,0,0
136,595,0,0
157,595,0,0
13,595,0,0
15,595,1,0
104,595,0,0
71,595,0,0
150,595,0,0
138,595,0,0
161,65,0,1
95,65,1,1
136,65,1,1
157,65,1,1
13,65,1,1
15,65,1,1
104,65,1,1
71,65,1,1
150,65,0,1
138,65,1,1
161,234,0,0
95,234,0,0
136,234,0,0
157,234,0,0
13,234,0,0
15,234,1,0
104,234,0,0
71,234,0,0
150,234,0,0
138,234,0,0
161,23,0,1
95,23,0,1
136,23,0,1
157,23,0,1
13,23,1,1
15,23,1,1
104,23,0,1
71,23,1,1
150,23,1,1
138,23,1,1
161,204,1,0
95,204,1,0
136,204,0,0
157,204,0,0
13,204,0,0
15,204,1,0
104,204,1,0
71,204,1,0
150,204,0,0
138,204,0,0
161,399,0,1
95,399,1,1
136,399,1,1
157,399,1,1
13,399,1,1
15,399,1,1
104,399,0,1
71,399,1,1
150,399,0,1
138,399,1,1
161,254,1,1
95,254,1,1
136,254,1,1
157,254,1,1
13,254,1,1
15,254,1,1
104,254,1,1
71,254,1,1
150,254,1,1
138,254,1,1
161,262,0,1
95,262,1,1
136,262,1,1
157,262,1,1
13,262,1,1
15,262,1,1
104,262,1,1
71,262,1,1
150,262,1,1
138,262,1,1
161,768,0,0
95,768,0,0
136,768,0,0
157,768,0,0
13,768,0,0
15,768,1,0
104,768,0,0
71,768,0,0
150,768,0,0
138,768,0,0
161,229,0,1
95,229,1,1
136,229,1,1
157,229,1,1
13,229,1,1
15,229,0,1
104,229,1,1
71,229,1,1
150,229,1,1
138,229,1,1
161,210,1,1
95,210,1,1
136,210,1,1
157,210,1,1
13,210,1,1
15,210,1,1
104,210,1,1
71,210,1,1
150,210,1,1
138,210,1,1
161,600,0,0
95,600,1,0
136,600,0,0
157,600,0,0
13,600,1,0
15,600,1,0
104,600,0,0
71,600,0,0
150,600,1,0
138,600,1,0
9,241,0,0
97,241,0,0
12,241,0,0
108,241,0,0
161,241,1,0
45,241,1,0
26,241,0,0
15,241,1,0
1,241,1,0
79,241,0,0
9,258,1,1
97,258,0,1
12,258,1,1
108,258,0,1
161,258,0,1
45,258,1,1
26,258,1,1
15,258,1,1
1,258,1,1
79,258,1,1
9,173,1,1
97,173,1,1
12,173,1,1
108,173,1,1
161,173,1,1
45,173,1,1
26,173,1,1
15,173,1,1
1,173,1,1
79,173,1,1
9,273,0,0
97,273,0,0
12,273,0,0
108,273,0,0
161,273,0,0
45,273,1,0
26,273,0,0
15,273,1,0
1,273,0,0
79,273,0,0
9,225,1,1
97,225,1,1
12,225,1,1
108,225,1,1
161,225,1,1
45,225,1,1
26,225,1,1
15,225,1,1
1,225,1,1
79,225,1,1
9,63,1,1
97,63,1,1
12,63,1,1
108,63,1,1
161,63,1,1
45,63,1,1
26,63,1,1
15,63,1,1
1,63,1,1
79,63,1,1
9,588,1,0
97,588,1,0
12,588,0,0
108,588,1,0
161,588,1,0
45,588,1,0
26,588,1,0
15,588,1,0
1,588,1,0
79,588,1,0
9,249,1,1
97,249,1,1
12,249,1,1
108,249,1,1
161,249,1,1
45,249,1,1
26,249,1,1
15,249,0,1
1,249,0,1
79,249,1,1
9,200,0,0
97,200,0,0
12,200,0,0
108,200,0,0
161,200,1,0
45,200,1,0
26,200,0,0
15,200,1,0
1,200,1,0
79,200,0,0
9,222,0,0
97,222,0,0
12,222,0,0
108,222,0,0
161,222,1,0
45,222,1,0
26,222,1,0
15,222,1,0
1,222,1,0
79,222,0,0
9,269,1,1
97,269,1,1
12,269,0,1
108,269,1,1
161,269,1,1
45,269,1,1
26,269,1,1
15,269,1,1
1,269,1,1
79,269,1,1
9,606,0,0
97,606,0,0
12,606,0,0
108,606,0,0
161,606,1,0
45,606,1,0
26,606,0,0
15,606,0,0
1,606,1,0
79,606,0,0
9,799,0,0
97,799,0,0
12,799,0,0
108,799,0,0
161,799,1,0
45,799,0,0
26,799,0,0
15,799,1,0
1,799,1,0
79,799,0,0
9,206,1,1
97,206,1,1
12,206,1,1
108,206,1,1
161,206,1,1
45,206,1,1
26,206,1,1
15,206,1,1
1,206,1,1
79,206,1,1
9,231,0,0
97,231,0,0
12,231,0,0
108,231,0,0
161,231,0,0
45,231,1,0
26,231,0,0
15,231,0,0
1,231,0,0
79,231,0,0
9,592,0,0
97,592,0,0
12,592,0,0
108,592,0,0
161,592,0,0
45,592,1,0
26,592,0,0
15,592,1,0
1,592,1,0
79,592,0,0
9,245,0,0
97,245,0,0
12,245,0,0
108,245,1,0
161,245,1,0
45,245,1,0
26,245,0,0
15,245,1,0
1,245,0,0
79,245,1,0
9,172,1,1
97,172,0,1
12,172,1,1
108,172,1,1
161,172,1,1
45,172,1,1
26,172,1,1
15,172,1,1
1,172,0,1
79,172,1,1
9,17,1,1
97,17,1,1
12,17,1,1
108,17,1,1
161,17,1,1
45,17,0,1
26,17,1,1
15,17,0,1
1,17,1,1
79,17,1,1
9,22,0,0
97,22,0,0
12,22,0,0
108,22,0,0
161,22,1,0
45,22,1,0
26,22,0,0
15,22,1,0
1,22,1,0
79,22,0,0
118,218,0,0
5,218,0,0
141,218,0,0
156,218,0,0
6,218,0,0
108,218,0,0
11,218,0,0
15,218,1,0
1,218,1,0
136,218,0,0
118,596,0,0
5,596,0,0
141,596,0,0
156,596,0,0
6,596,0,0
108,596,0,0
11,596,0,0
15,596,1,0
1,596,1,0
136,596,0,0
118,257,1,1
5,257,1,1
141,257,0,1
156,257,1,1
6,257,1,1
108,257,1,1
11,257,1,1
15,257,1,1
1,257,1,1
136,257,1,1
118,264,0,1
5,264,1,1
141,264,1,1
156,264,1,1
6,264,1,1
108,264,1,1
11,264,1,1
15,264,1,1
1,264,1,1
136,264,1,1
118,255,1,1
5,255,1,1
141,255,1,1
156,255,1,1
6,255,1,1
108,255,1,1
11,255,1,1
15,255,1,1
1,255,1,1
136,255,1,1
118,263,0,0
5,263,0,0
141,263,0,0
156,263,0,0
6,263,0,0
108,263,0,0
11,263,0,0
15,263,1,0
1,263,1,0
136,263,0,0
118,266,0,1
5,266,0,1
141,266,1,1
156,266,1,1
6,266,1,1
108,266,1,1
11,266,1,1
15,266,1,1
1,266,1,1
136,266,1,1
118,188,0,0
5,188,1,0
141,188,1,0
156,188,1,0
6,188,0,0
108,188,1,0
11,188,0,0
15,188,1,0
1,188,1,0
136,188,1,0
118,253,1,1
5,253,1,1
141,253,1,1
156,253,1,1
6,253,1,1
108,253,1,1
11,253,1,1
15,253,1,1
1,253,0,1
136,253,1,1
118,601,1,0
5,601,0,0
141,601,0,0
156,601,1,0
6,601,0,0
108,601,0,0
11,601,0,0
15,601,1,0
1,601,1,0
136,601,0,0
118,205,1,1
5,205,1,1
141,205,1,1
156,205,1,1
6,205,1,1
108,205,1,1
11,205,1,1
15,205,1,1
1,205,1,1
136,205,1,1
118,773,0,0
5,773,1,0
141,773,0,0
156,773,0,0
6,773,0,0
108,773,0,0
11,773,0,0
15,773,1,0
1,773,1,0
136,773,1,0
118,244,1,1
5,244,0,1
141,244,0,1
156,244,1,1
6,244,1,1
108,244,1,1
11,244,0,1
15,244,1,1
1,244,1,1
136,244,0,1
118,220,0,1
5,220,0,1
141,220,0,1
156,220,0,1
6,220,1,1
108,220,0,1
11,220,0,1
15,220,1,1
1,220,1,1
136,220,1,1
118,208,0,0
5,208,0,0
141,208,0,0
156,208,0,0
6,208,0,0
108,208,0,0
11,208,0,0
15,208,1,0
1,208,1,0
136,208,0,0
118,219,0,1
5,219,1,1
141,219,0,1
156,219,1,1
6,219,1,1
108,219,1,1
11,219,1,1
15,219,1,1
1,219,1,1
136,219,1,1
118,589,0,0
5,589,1,0
141,589,1,0
156,589,0,0
6,589,0,0
108,589,0,0
11,589,0,0
15,589,1,0
1,589,1,0
136,589,0,0
118,216,0,0
5,216,0,0
141,216,0,0
156,216,0,0
6,216,0,0
108,216,0,0
11,216,0,0
15,216,1,0
1,216,0,0
136,216,0,0
118,251,1,1
5,251,1,1
141,251,0,1
156,251,1,1
6,251,1,1
108,251,1,1
11,251,1,1
15,251,1,1
1,251,1,1
136,251,1,1
118,591,0,0
5,591,0,0
141,591,0,0
156,591,0,0
6,591,0,0
108,591,1,0
11,591,0,0
15,591,1,0
1,591,1,0
136,591,0,0
124,800,0,0
161,800,1,0
45,800,1,0
28,800,0,0
15,800,1,0
2,800,0,0
1,800,1,0
41,800,0,0
73,800,0,0
136,800,0,0
124,174,0,0
161,174,0,0
45,174,1,0
28,174,0,0
15,174,1,0
2,174,1,0
1,174,1,0
41,174,0,0
73,174,0,0
136,174,0,0
124,215,0,0
161,215,1,0
45,215,1,0
28,215,0,0
15,215,1,0
2,215,1,0
1,215,0,0
41,215,0,0
73,215,0,0
136,215,0,0
124,170,0,1
161,170,0,1
45,170,1,1
28,170,1,1
15,170,0,1
2,170,0,1
1,170,1,1
41,170,1,1
73,170,0,1
136,170,1,1
124,608,0,0
161,608,1,0
45,608,1,0
28,608,0,0
15,608,1,0
2,608,0,0
1,608,1,0
41,608,1,0
73,608,1,0
136,608,1,0
124,197,1,1
161,197,1,1
45,197,1,1
28,197,1,1
15,197,1,1
2,197,1,1
1,197,1,1
41,197,1,1
73,197,1,1
136,197,1,1
161,683,0,0
136,683,0,0
45,683,1,0
148,683,0,0
94,683,0,0
15,683,1,0
87,683,0,0
139,683,0,0
1,683,1,0
78,683,0,0
161,68,0,1
136,68,1,1
45,68,1,1
148,68,0,1
94,68,1,1
15,68,1,1
87,68,0,1
139,68,0,1
1,68,1,1
78,68,0,1
161,694,0,1
136,694,1,1
45,694,0,1
148,694,1,1
94,694,1,1
15,694,1,1
87,694,1,1
139,694,1,1
1,694,1,1
78,694,1,1
161,680,1,1
136,680,1,1
45,680,1,1
148,680,1,1
94,680,1,1
15,680,1,1
87,680,1,1
139,680,1,1
1,680,1,1
78,680,1,1
161,71,0,0
136,71,0,0
45,71,1,0
148,71,0,0
94,71,0,0
15,71,1,0
87,71,0,0
139,71,0,0
1,71,1,0
78,71,1,0
161,688,1,0
136,688,0,0
45,688,1,0
148,688,0,0
94,688,0,0
15,688,1,0
87,688,0,0
139,688,0,0
1,688,1,0
78,688,0,0
161,425,1,0
136,425,0,0
45,425,1,0
148,425,0,0
94,425,0,0
15,425,1,0
87,425,0,0
139,425,0,0
1,425,1,0
78,425,0,0
161,692,1,1
136,692,1,1
45,692,1,1
148,692,1,1
94,692,1,1
15,692,1,1
87,692,1,1
139,692,1,1
1,692,1,1
78,692,1,1
161,422,1,0
136,422,0,0
45,422,1,0
148,422,0,0
94,422,0,0
15,422,0,0
87,422,0,0
139,422,0,0
1,422,1,0
78,422,0,0
161,691,1,0
136,691,0,0
45,691,1,0
148,691,0,0
94,691,0,0
15,691,1,0
87,691,0,0
139,691,0,0
1,691,1,0
78,691,0,0
161,4,0,1
136,4,0,1
45,4,1,1
148,4,0,1
94,4,0,1
15,4,1,1
87,4,1,1
139,4,0,1
1,4,1,1
78,4,0,1
161,672,1,1
136,672,1,1
45,672,0,1
148,672,1,1
94,672,1,1
15,672,1,1
87,672,1,1
139,672,1,1
1,672,1,1
78,672,1,1
161,417,1,0
136,417,0,0
45,417,0,0
148,417,0,0
94,417,0,0
15,417,1,0
87,417,0,0
139,417,0,0
1,417,1,0
78,417,0,0
161,678,1,1
136,678,1,1
45,678,1,1
148,678,1,1
94,678,1,1
15,678,1,1
87,678,1,1
139,678,1,1
1,678,1,1
78,678,1,1
161,421,1,0
136,421,0,0
45,421,0,0
148,421,0,0
94,421,0,0
15,421,1,0
87,421,0,0
139,421,0,0
1,421,1,0
78,421,0,0
60,493,1,1
125,493,1,1
161,493,0,1
15,493,1,1
42,493,1,1
89,493,0,1
1,493,1,1
45,493,0,1
33,493,1,1
85,493,0,1
60,733,0,0
125,733,0,0
161,733,1,0
15,733,0,0
42,733,0,0
89,733,0,0
1,733,1,0
45,733,1,0
33,733,0,0
85,733,0,0
60,477,1,1
125,477,0,1
161,477,1,1
15,477,1,1
42,477,1,1
89,477,1,1
1,477,1,1
45,477,0,1
33,477,1,1
85,477,0,1
60,729,0,0
125,729,0,0
161,729,0,0
15,729,1,0
42,729,0,0
89,729,0,0
1,729,1,0
45,729,1,0
33,729,0,0
85,729,1,0
60,739,0,0
125,739,0,0
161,739,1,0
15,739,0,0
42,739,0,0
89,739,0,0
1,739,0,0
45,739,1,0
33,739,0,0
85,739,0,0
60,516,1,1
125,516,0,1
161,516,0,1
15,516,1,1
42,516,0,1
89,516,0,1
1,516,1,1
45,516,1,1
33,516,1,1
85,516,0,1
161,438,1,1
16,438,1,1
61,438,0,1
136,438,1,1
15,438,1,1
13,438,0,1
1,438,1,1
45,438,1,1
25,438,1,1
58,438,1,1
161,486,1,1
16,486,1,1
61,486,1,1
136,486,1,1
15,486,1,1
13,486,1,1
1,486,1,1
45,486,0,1
25,486,1,1
58,486,1,1
161,470,0,0
16,470,0,0
61,470,1,0
136,470,0,0
15,470,1,0
13,470,1,0
1,470,0,0
45,470,1,0
25,470,0,0
58,470,0,0
161,517,1,1
16,517,1,1
61,517,0,1
136,517,0,1
15,517,1,1
13,517,1,1
1,517,1,1
45,517,1,1
25,517,0,1
58,517,0,1
161,473,0,0
16,473,0,0
61,473,0,0
136,473,0,0
15,473,1,0
13,473,0,0
1,473,1,0
45,473,1,0
25,473,0,0
58,473,0,0
161,487,1,1
16,487,1,1
61,487,1,1
136,487,1,1
15,487,0,1
13,487,1,1
1,487,0,1
45,487,0,1
25,487,1,1
58,487,1,1
161,442,0,0
16,442,0,0
61,442,0,0
136,442,0,0
15,442,1,0
13,442,0,0
1,442,1,0
45,442,1,0
25,442,0,0
58,442,0,0
161,74,1,1
16,74,1,1
61,74,1,1
136,74,1,1
15,74,1,1
13,74,1,1
1,74,0,1
45,74,1,1
25,74,1,1
58,74,1,1
